Size,Bath,Bed,City_Lisboa,City_Oeiras,City_Other,City_Sintra,good_prop
80,1,3,0,0,1,0,1
250,2,5,0,0,0,1,1
123,4,4,0,0,0,1,1
101,1,2,0,0,1,0,0
118,3,4,0,0,1,0,0
177,4,4,0,0,0,1,0
113,2,3,0,0,0,1,1
130,1,2,0,0,1,0,1
240,3,4,0,0,1,0,1
40,1,2,1,0,0,0,0
54,1,1,0,0,1,0,1
180,3,3,0,0,0,0,0
100,3,3,0,0,1,0,0
134,1,2,0,0,1,0,1
231,1,4,0,0,1,0,0
241,6,5,0,0,0,1,0
204,1,3,0,0,1,0,0
119,2,4,0,0,0,0,1
196,2,3,0,0,0,1,0
216,3,3,0,0,0,1,0
170,4,4,0,0,0,0,0
96,1,2,0,0,1,0,1
64,2,2,0,0,1,0,1
48,1,2,0,0,1,0,1
48,2,3,1,0,0,0,1
57,1,2,0,0,1,0,1
173,4,4,0,0,0,1,0
127,2,3,0,0,1,0,1
112,1,2,0,0,1,0,1
166,3,3,0,0,1,0,1
191,3,4,0,0,0,0,0
185,3,3,0,0,0,0,0
192,4,5,0,0,0,1,0
70,1,2,0,0,1,0,1
166,3,4,0,0,1,0,0
176,2,3,0,0,0,0,1
233,4,3,0,0,1,0,1
211,3,4,0,0,1,0,0
180,3,4,0,0,0,1,1
107,2,3,0,1,0,0,0
170,3,4,0,0,1,0,0
200,3,3,0,0,0,0,0
224,5,4,0,0,0,1,0
215,2,3,0,0,1,0,0
63,1,2,0,0,0,1,1
63,1,2,0,0,0,1,0
176,2,3,0,0,1,0,0
166,3,4,0,0,0,0,1
194,3,4,0,0,0,1,1
112,1,1,1,0,0,0,0
150,3,4,0,0,1,0,0
216,4,6,0,0,1,0,0
170,2,3,0,0,0,1,0
119,3,3,0,0,1,0,0
152,1,2,0,0,0,0,0
126,3,3,0,0,0,0,0
155,2,3,0,0,1,0,1
94,1,3,0,0,0,1,1
177,1,2,0,0,1,0,1
152,2,6,0,0,0,0,0
120,6,3,1,0,0,0,0
75,2,2,0,0,1,0,1
185,2,6,0,0,1,0,1
118,1,2,0,0,1,0,1
65,1,3,0,0,1,0,1
60,1,1,0,0,1,0,1
157,3,3,0,0,1,0,0
168,2,5,0,0,0,1,1
179,3,3,0,0,0,1,0
114,3,4,0,0,0,0,0
255,5,6,0,0,1,0,0
248,3,4,0,0,1,0,0
144,1,3,0,0,1,0,1
83,1,2,0,0,1,0,1
255,3,3,0,0,0,0,0
177,3,3,1,0,0,0,0
90,2,2,0,0,1,0,1
121,2,2,0,0,1,0,1
120,2,2,0,0,1,0,1
242,4,3,1,0,0,0,0
113,2,3,0,0,0,1,0
51,1,1,0,0,1,0,1
174,3,4,0,0,0,0,0
210,4,3,0,0,0,1,0
170,2,5,0,0,1,0,1
258,3,3,0,0,1,0,0
148,3,4,0,0,0,0,0
219,4,5,0,0,0,0,0
104,2,2,0,0,1,0,0
205,3,4,1,0,0,0,0
246,2,4,0,0,1,0,1
76,2,3,0,0,1,0,0
106,2,3,0,0,0,0,0
179,2,3,0,0,1,0,0
177,4,2,0,0,1,0,1
90,2,4,0,0,0,1,1
150,3,4,0,0,0,0,0
49,2,3,1,0,0,0,0
46,1,3,0,0,1,0,0
44,1,2,0,0,1,0,1
96,2,2,0,0,1,0,1
186,3,4,0,0,1,0,1
254,4,5,0,1,0,0,0
102,1,2,0,0,1,0,1
165,2,3,0,0,0,1,0
65,1,2,0,0,1,0,1
64,1,1,0,0,1,0,1
140,4,4,0,0,1,0,0
240,4,4,0,0,0,1,1
100,2,2,0,0,1,0,1
186,3,4,0,0,0,1,0
66,1,5,0,0,1,0,1
83,2,3,0,0,1,0,1
49,1,2,0,0,1,0,1
210,1,1,0,0,1,0,1
262,3,3,0,0,1,0,0
106,2,3,0,0,0,1,0
146,3,3,0,0,1,0,0
235,3,4,0,1,0,0,0
145,3,3,0,0,1,0,0
56,1,2,0,0,1,0,1
240,4,7,0,0,0,1,0
162,3,3,0,0,1,0,1
190,4,4,0,0,0,1,0
240,4,5,0,0,1,0,0
90,1,3,0,0,1,0,1
46,1,1,0,0,1,0,1
93,2,1,0,0,1,0,1
162,3,3,0,0,1,0,1
184,2,5,0,1,0,0,1
65,1,2,0,0,1,0,1
234,3,5,0,0,0,0,0
147,1,2,0,0,1,0,1
233,3,5,0,0,0,0,0
216,3,3,0,0,0,1,1
262,3,5,0,0,0,1,0
235,3,3,0,0,1,0,1
56,1,2,0,0,1,0,1
235,3,3,0,0,1,0,1
160,1,4,0,0,1,0,1
208,3,3,0,0,1,0,0
232,4,4,0,0,1,0,0
259,3,4,0,0,0,0,0
115,2,2,0,0,0,0,0
150,3,4,0,0,1,0,1
145,2,3,0,0,1,0,0
203,4,3,0,0,0,0,0
115,1,2,0,0,0,1,1
151,2,4,0,0,0,1,0
208,3,4,0,0,1,0,1
151,3,3,0,0,1,0,1
210,4,3,0,0,0,1,0
243,4,3,0,0,0,0,0
224,3,4,0,0,0,0,0
156,2,5,0,1,0,0,0
149,2,4,0,0,0,0,0
204,5,6,0,0,0,0,0
64,1,2,0,0,0,1,0
111,1,2,0,0,1,0,1
175,3,3,0,0,1,0,1
175,3,3,0,0,1,0,1
142,2,3,0,0,0,1,0
64,1,3,0,0,1,0,1
240,3,4,0,0,0,1,0
138,3,3,0,1,0,0,1
112,2,3,0,1,0,0,0
150,5,4,1,0,0,0,0
130,3,4,0,0,1,0,0
109,3,5,0,0,0,0,0
60,1,2,0,0,1,0,1
96,1,3,0,0,1,0,1
108,2,3,0,0,1,0,1
230,1,2,0,0,1,0,1
204,3,3,0,0,0,1,0
180,3,3,0,0,0,0,0
208,4,3,0,1,0,0,0
125,2,3,0,0,0,0,0
160,5,3,0,0,1,0,0
80,1,2,0,0,1,0,1
156,3,4,0,0,0,0,1
88,2,2,0,0,0,1,1
53,1,2,0,0,0,1,1
116,2,5,0,0,0,1,1
180,2,4,0,0,0,1,1
153,3,3,0,0,0,1,0
237,4,4,0,0,0,0,0
168,3,4,0,1,0,0,0
140,2,5,0,1,0,0,0
173,4,3,0,0,0,0,0
175,4,4,0,0,0,0,0
139,2,3,0,0,0,1,1
134,1,2,0,0,1,0,1
256,3,3,0,0,1,0,1
196,3,3,0,0,1,0,1
70,3,2,0,0,0,0,1
100,3,3,0,0,1,0,1
244,3,4,0,0,1,0,1
60,1,2,0,0,1,0,1
86,1,2,0,0,1,0,1
170,2,5,0,0,1,0,1
237,3,3,0,0,0,0,0
207,2,5,0,0,1,0,0
87,1,1,0,0,0,0,0
69,1,1,0,0,1,0,0
104,4,3,0,0,1,0,0
167,3,3,1,0,0,0,0
92,2,3,0,0,1,0,1
179,5,3,0,0,0,1,0
105,1,3,0,0,1,0,1
82,1,3,0,0,1,0,1
134,3,3,0,0,0,1,0
68,2,1,0,0,1,0,1
217,3,4,0,0,1,0,0
65,1,2,0,0,1,0,1
167,4,4,0,1,0,0,0
136,2,4,0,0,1,0,0
200,1,4,0,0,1,0,1
196,1,5,0,0,0,0,0
160,3,4,1,0,0,0,0
186,2,3,0,0,1,0,1
143,1,2,0,0,1,0,1
166,2,3,0,0,1,0,1
160,3,3,0,1,0,0,0
119,2,2,0,0,0,0,0
78,2,2,0,0,1,0,1
202,4,4,0,0,1,0,0
247,4,5,0,0,1,0,0
250,4,4,0,0,0,1,0
50,1,4,1,0,0,0,0
109,1,2,0,0,1,0,1
260,2,6,0,0,1,0,1
110,2,2,0,0,1,0,1
260,3,4,0,0,0,0,0
206,3,4,0,0,0,1,0
240,4,4,0,0,1,0,1
191,4,3,0,0,1,0,0
196,2,3,0,0,1,0,0
135,1,2,0,0,1,0,1
156,2,4,0,0,1,0,0
121,1,1,0,0,1,0,1
242,5,5,0,0,1,0,0
136,3,2,0,0,1,0,1
94,2,2,0,0,1,0,1
250,3,1,0,0,1,0,0
126,1,3,1,0,0,0,1
109,1,3,1,0,0,0,1
64,1,2,1,0,0,0,1
136,1,3,0,0,1,0,1
41,2,2,0,0,0,1,0
140,2,3,0,0,0,1,1
100,4,3,0,0,0,1,1
251,6,5,0,0,1,0,0
103,1,2,0,0,1,0,1
148,2,2,0,0,1,0,1
108,3,4,0,0,0,1,1
135,4,2,0,0,0,0,0
165,2,3,0,0,1,0,1
160,3,4,0,0,0,1,0
102,2,4,0,0,1,0,1
240,5,3,0,1,0,0,0
124,2,3,0,1,0,0,0
84,3,4,1,0,0,0,1
60,4,2,0,0,1,0,1
136,3,4,0,0,1,0,1
141,5,6,0,0,0,0,0
54,1,2,0,0,0,1,1
65,1,2,0,0,1,0,0
147,4,3,0,0,1,0,0
247,4,4,0,0,1,0,0
100,2,3,0,0,1,0,1
120,2,2,0,0,1,0,1
235,3,4,0,0,0,1,0
134,2,4,0,0,0,1,0
191,4,4,0,0,1,0,1
57,1,2,0,0,1,0,1
151,1,2,0,0,0,0,0
55,1,1,0,0,1,0,1
215,5,4,0,0,1,0,0
163,3,2,0,0,0,0,0
224,3,4,0,0,1,0,0
128,2,2,0,0,1,0,0
103,3,3,0,1,0,0,0
156,3,4,0,0,1,0,0
110,2,3,0,1,0,0,0
168,3,2,0,0,0,0,1
129,2,1,0,0,1,0,1
115,2,5,0,0,0,1,1
262,3,3,0,0,0,1,0
87,1,1,0,0,1,0,0
137,3,3,0,0,1,0,1
216,4,5,0,0,0,1,0
196,3,4,0,0,0,1,0
128,3,4,0,0,1,0,1
231,5,4,0,0,1,0,1
119,2,3,0,0,0,1,0
105,2,3,0,0,1,0,0
200,2,3,0,0,1,0,0
190,5,4,0,0,0,0,0
106,2,4,0,0,0,0,1
246,3,4,0,0,1,0,0
34,1,2,1,0,0,0,1
218,3,4,0,0,1,0,0
200,3,5,0,1,0,0,0
228,3,4,0,0,1,0,0
65,2,2,0,0,1,0,0
47,2,4,1,0,0,0,1
60,3,3,1,0,0,0,0
70,2,1,1,0,0,0,0
70,2,1,1,0,0,0,0
159,4,3,0,0,1,0,1
145,2,4,1,0,0,0,0
35,1,1,1,0,0,0,0
191,4,4,0,0,0,0,0
57,1,2,1,0,0,0,1
180,3,4,0,1,0,0,0
167,3,3,0,0,1,0,0
195,1,1,0,0,1,0,1
45,1,3,0,0,1,0,1
130,2,3,0,0,1,0,0
100,2,4,0,0,1,0,0
126,3,3,0,0,1,0,1
112,2,3,0,0,0,1,0
99,1,2,0,0,1,0,1
242,3,4,0,0,1,0,0
108,2,3,0,0,1,0,1
77,1,2,0,0,1,0,1
179,2,3,0,0,0,0,1
208,4,5,0,1,0,0,0
114,2,3,0,0,1,0,1
66,1,2,0,0,1,0,1
224,3,6,1,0,0,0,0
70,2,3,0,0,1,0,1
103,1,2,0,0,1,0,1
225,3,3,0,0,0,0,0
106,2,3,0,1,0,0,0
121,3,5,0,0,1,0,0
147,2,3,0,0,0,1,0
46,1,1,0,0,1,0,1
56,2,3,0,0,1,0,1
173,3,3,0,0,1,0,0
144,3,5,0,0,1,0,1
150,3,4,0,0,1,0,1
169,2,4,0,0,0,1,1
245,4,4,0,1,0,0,0
175,3,3,0,0,1,0,1
88,1,2,0,0,1,0,1
255,4,5,0,0,1,0,0
147,2,4,1,0,0,0,0
140,3,3,0,0,1,0,1
150,3,4,0,0,0,1,0
46,2,2,1,0,0,0,1
60,1,3,0,0,1,0,1
257,4,8,0,1,0,0,1
159,3,3,0,0,0,1,0
159,3,3,0,0,0,1,0
159,3,3,0,0,0,1,0
242,4,3,0,0,0,1,1
172,2,3,0,0,1,0,1
242,3,3,0,0,0,1,0
100,1,2,0,0,1,0,1
115,1,2,0,0,1,0,1
62,1,2,0,0,1,0,1
200,3,4,0,0,0,1,1
164,3,3,0,0,1,0,0
90,2,4,1,0,0,0,0
64,1,2,0,0,1,0,1
76,1,2,0,0,1,0,1
179,3,4,0,0,1,0,1
153,2,3,0,0,1,0,1
240,1,3,0,0,0,1,0
150,3,3,0,0,1,0,1
145,1,3,0,0,1,0,1
60,1,3,1,0,0,0,0
188,5,4,0,1,0,0,0
220,3,4,0,0,1,0,1
160,2,4,0,0,1,0,1
149,4,3,0,0,1,0,0
133,2,3,0,0,1,0,0
169,3,3,0,0,0,0,0
169,3,3,0,0,0,0,0
169,3,3,0,0,0,0,0
169,3,3,0,0,0,0,0
169,3,3,0,0,0,0,0
169,3,3,0,0,0,0,0
192,2,2,0,0,0,1,1
34,1,2,1,0,0,0,1
37,1,2,1,0,0,0,1
260,3,4,0,0,0,0,0
258,4,3,0,0,1,0,1
168,4,3,0,0,1,0,1
146,4,3,0,0,0,1,0
181,4,3,0,0,1,0,1
235,8,6,0,0,1,0,1
101,1,2,0,0,1,0,1
145,2,4,0,0,1,0,0
190,3,4,0,0,0,0,0
153,3,2,0,0,0,1,0
104,1,2,0,0,1,0,1
167,1,3,0,0,1,0,0
44,1,2,0,0,1,0,1
111,3,3,0,0,1,0,0
177,3,4,0,0,0,0,0
210,5,5,0,0,0,0,0
164,3,4,0,0,1,0,1
178,4,4,0,0,1,0,1
100,2,5,0,0,1,0,0
217,3,6,0,0,1,0,0
163,1,4,0,0,1,0,1
180,3,6,0,0,1,0,1
240,4,4,0,0,1,0,0
223,2,4,0,0,0,1,1
60,1,2,0,0,0,0,0
145,2,4,0,1,0,0,0
175,1,3,0,0,1,0,1
178,1,2,0,0,1,0,1
57,1,3,0,0,1,0,1
191,3,3,0,0,1,0,1
195,3,3,0,0,0,0,0
151,2,3,0,0,1,0,1
102,4,4,1,0,0,0,0
188,3,4,0,0,0,1,0
153,4,3,0,0,0,0,0
198,4,5,0,1,0,0,0
99,2,3,0,0,1,0,0
164,3,3,0,0,0,0,0
251,4,4,0,0,0,1,0
175,3,3,0,0,0,1,0
191,3,5,0,0,0,1,0
159,3,3,0,0,0,1,0
228,2,6,0,0,1,0,1
28,1,1,1,0,0,0,1
163,3,3,0,0,1,0,0
166,3,4,0,1,0,0,0
177,2,4,0,0,1,0,1
168,4,4,0,0,0,1,1
255,3,5,0,0,1,0,1
181,4,4,0,0,0,0,0
126,2,4,1,0,0,0,0
189,3,4,0,1,0,0,0
129,3,2,0,0,1,0,1
186,4,4,0,0,0,0,0
101,2,3,0,0,0,1,1
180,4,4,0,0,1,0,0
240,4,8,0,0,0,1,1
222,2,4,0,0,0,0,0
198,1,3,0,0,0,1,1
112,2,3,1,0,0,0,0
52,2,4,0,0,1,0,0
161,3,3,1,0,0,0,0
230,4,4,0,0,1,0,0
177,2,4,0,0,1,0,1
97,1,2,0,0,1,0,1
79,1,2,0,0,0,0,1
208,4,4,0,0,1,0,0
181,3,8,0,1,0,0,0
225,5,5,0,0,1,0,0
52,1,3,0,0,1,0,1
126,2,3,0,0,0,0,0
56,1,1,0,0,1,0,1
87,2,3,0,0,1,0,1
33,1,1,0,0,1,0,1
151,1,3,0,0,0,1,0
172,4,3,0,0,1,0,0
222,2,4,0,0,0,1,1
131,2,4,0,0,0,0,0
200,3,5,0,0,1,0,0
150,1,3,0,0,1,0,1
250,3,5,0,0,1,0,0
144,1,2,0,0,1,0,1
224,3,4,0,0,0,1,0
62,1,3,0,0,1,0,1
130,1,2,0,0,0,1,1
200,3,4,0,0,1,0,0
121,9,5,0,0,1,0,1
240,3,5,0,0,0,1,0
242,3,3,0,0,0,0,0
102,2,3,0,0,1,0,0
159,3,3,0,1,0,0,1
133,2,3,0,0,1,0,1
121,2,3,0,0,1,0,1
170,3,3,0,0,1,0,1
157,2,6,0,1,0,0,0
207,2,4,0,0,0,0,0
130,2,5,0,0,1,0,1
232,3,4,0,0,1,0,0
76,2,1,1,0,0,0,0
154,4,4,0,0,0,0,0
140,2,2,0,0,1,0,1
140,2,2,0,0,1,0,1
103,1,2,0,0,1,0,1
238,5,9,0,0,1,0,0
90,1,3,0,0,1,0,1
124,1,3,0,0,1,0,1
60,1,1,0,0,1,0,1
135,3,3,0,0,1,0,0
186,4,4,0,0,0,0,0
141,1,2,0,0,1,0,1
260,4,5,1,0,0,0,0
72,1,2,0,0,1,0,1
249,2,3,0,0,1,0,1
144,3,3,0,0,1,0,0
63,1,2,0,0,1,0,1
189,2,3,0,0,1,0,0
180,3,4,0,0,0,0,0
65,1,4,1,0,0,0,0
194,4,5,0,0,0,1,0
95,2,3,0,0,1,0,1
182,4,3,0,0,1,0,0
211,4,4,0,0,0,0,0
54,1,1,0,0,1,0,0
48,1,2,0,0,1,0,1
97,4,3,0,0,1,0,1
160,2,5,0,1,0,0,0
250,4,3,0,0,0,0,1
143,4,2,1,0,0,0,0
198,3,4,0,0,0,0,0
120,3,3,0,0,1,0,0
179,1,2,0,0,1,0,0
182,3,4,0,0,1,0,0
217,4,4,0,0,1,0,0
182,3,3,0,0,1,0,0
182,3,3,0,0,1,0,0
182,3,3,0,0,1,0,0
178,3,5,0,1,0,0,0
101,1,3,0,0,1,0,1
117,1,3,0,0,1,0,1
200,2,3,0,1,0,0,0
232,5,5,0,0,1,0,0
152,3,2,0,0,0,0,0
145,4,4,1,0,0,0,0
253,3,5,0,0,1,0,0
61,1,3,0,0,1,0,1
145,3,4,0,0,0,1,1
219,2,3,0,0,1,0,1
200,1,2,0,0,1,0,1
200,4,4,0,0,0,1,0
226,3,4,0,0,1,0,1
37,1,1,0,0,0,1,1
249,5,5,0,0,1,0,0
188,3,4,0,0,0,1,0
158,2,2,0,0,0,1,0
96,1,3,0,0,1,0,1
190,5,7,0,1,0,0,0
210,3,5,0,0,0,0,0
233,3,4,0,0,1,0,1
202,4,4,0,0,1,0,0
217,3,4,0,0,1,0,1
206,3,4,0,0,1,0,1
121,3,3,1,0,0,0,0
75,1,2,0,0,0,0,1
200,4,3,0,0,0,0,0
170,3,3,0,0,0,0,0
143,3,4,0,0,1,0,1
90,1,2,0,0,1,0,1
106,2,3,0,0,1,0,0
53,1,2,0,0,1,0,1
220,4,4,0,0,0,1,0
69,1,2,0,0,1,0,1
191,2,3,0,0,1,0,1
189,3,3,0,0,0,0,0
220,4,3,0,1,0,0,0
213,4,4,0,0,0,1,1
255,4,5,0,0,0,1,0
200,2,4,0,0,1,0,1
200,2,4,0,0,1,0,0
200,2,4,0,0,1,0,1
225,6,4,0,1,0,0,0
192,3,3,0,0,1,0,0
85,1,2,0,0,0,1,0
161,4,5,0,0,1,0,0
90,2,4,0,0,1,0,1
48,2,2,0,1,0,0,1
250,2,2,0,0,1,0,0
63,1,1,0,0,1,0,1
81,1,2,0,0,1,0,1
231,3,4,0,0,1,0,0
80,1,2,0,0,1,0,1
77,1,1,0,0,1,0,1
190,2,4,0,0,0,1,1
205,4,6,0,0,1,0,0
111,3,5,0,0,1,0,0
190,3,5,0,0,1,0,1
66,1,3,0,0,0,1,0
126,3,4,0,0,0,0,0
187,3,4,0,0,1,0,0
173,4,3,0,0,1,0,0
208,5,3,0,0,0,1,1
180,2,4,0,0,1,0,1
130,2,3,0,0,0,0,0
211,2,4,0,0,0,0,1
199,3,4,0,0,1,0,1
260,6,6,0,0,0,1,1
110,2,2,0,0,1,0,1
154,3,3,1,0,0,0,0
120,2,3,0,0,0,1,0
185,1,2,0,0,1,0,1
238,3,3,0,0,1,0,1
168,2,2,0,0,1,0,1
235,8,4,0,0,0,0,0
143,5,5,0,0,0,1,0
60,1,1,0,0,1,0,1
179,2,3,0,0,0,0,0
198,4,5,1,0,0,0,0
238,3,5,0,0,0,1,0
146,2,6,0,0,0,0,0
203,3,4,0,0,1,0,0
165,5,4,0,0,1,0,0
165,5,4,0,0,1,0,0
218,3,3,0,0,0,0,0
215,4,8,0,0,1,0,1
224,3,5,0,0,0,1,0
188,3,4,0,0,1,0,1
47,1,2,0,0,1,0,1
142,3,4,0,0,1,0,0
213,4,11,0,0,1,0,0
68,1,2,0,0,1,0,1
209,4,5,0,0,0,0,0
80,1,2,0,0,1,0,1
93,3,3,0,0,1,0,0
127,3,3,0,0,1,0,0
121,1,2,0,0,0,1,1
56,1,2,0,0,0,1,0
184,3,4,0,0,0,1,0
58,1,2,0,0,1,0,1
66,1,2,1,0,0,0,0
55,1,2,0,0,1,0,1
185,4,4,0,0,0,1,0
185,4,4,0,0,0,1,0
185,4,4,0,0,0,1,0
110,4,4,0,0,0,0,0
154,2,2,0,0,1,0,1
54,1,2,0,0,1,0,1
70,1,2,0,0,1,0,1
224,2,3,0,0,0,1,0
165,4,4,0,0,1,0,0
98,1,2,0,0,1,0,1
108,2,4,0,0,0,1,1
220,3,4,0,0,1,0,0
220,3,4,0,0,1,0,0
220,3,4,0,0,1,0,0
220,3,4,0,0,1,0,0
256,3,6,0,0,0,0,0
143,1,3,0,0,1,0,1
148,2,4,0,0,1,0,1
162,6,5,0,1,0,0,0
203,3,3,0,0,1,0,1
156,3,4,0,1,0,0,0
197,2,8,0,0,1,0,1
144,1,2,0,0,1,0,1
205,4,4,0,0,0,1,0
205,4,4,0,0,0,1,0
175,3,3,0,0,0,1,0
205,4,4,0,0,0,1,0
175,3,3,0,0,0,1,0
150,4,3,0,0,1,0,1
102,1,3,0,0,1,0,0
44,1,2,0,0,1,0,1
240,4,4,0,0,0,0,0
186,3,2,0,0,0,0,0
169,3,2,0,0,0,0,0
195,3,3,0,0,0,0,0
103,2,3,0,0,0,1,1
91,1,3,0,0,1,0,0
50,1,2,0,0,1,0,1
140,4,3,0,0,0,0,1
89,2,3,0,0,1,0,1
44,2,3,0,0,0,1,0
120,1,3,0,0,1,0,1
81,1,2,0,0,1,0,1
181,2,4,0,0,1,0,1
181,3,3,0,0,0,1,1
112,2,4,0,0,0,1,1
116,1,2,0,0,1,0,1
238,3,3,0,0,0,1,1
240,4,6,0,1,0,0,0
180,4,4,0,0,0,1,0
152,1,2,0,0,1,0,1
30,1,1,1,0,0,0,0
228,3,4,0,0,1,0,0
200,3,4,0,0,0,1,0
124,1,3,0,0,1,0,1
190,4,3,0,0,1,0,0
225,2,5,0,0,1,0,1
152,3,4,0,0,0,0,0
174,2,6,0,0,1,0,1
96,2,3,0,0,0,0,0
134,2,3,0,0,0,1,1
190,1,3,0,0,1,0,1
67,2,4,0,0,1,0,1
240,4,6,0,0,1,0,1
49,1,2,0,0,1,0,1
78,1,2,0,0,1,0,1
157,3,4,0,0,1,0,0
185,3,4,0,0,1,0,0
120,2,3,0,0,1,0,1
71,2,3,0,0,1,0,1
60,1,3,0,0,1,0,1
116,2,3,0,0,1,0,0
155,3,4,0,0,0,0,0
122,2,3,0,0,1,0,1
224,4,5,0,0,1,0,0
243,4,3,0,0,0,0,0
68,2,1,1,0,0,0,1
77,1,1,0,0,1,0,1
140,6,4,0,0,1,0,0
240,3,4,0,0,0,0,0
58,1,2,0,0,1,0,1
163,4,4,0,0,0,0,0
51,1,3,0,0,1,0,1
169,4,4,0,0,1,0,0
169,4,4,0,0,1,0,0
117,1,3,0,0,1,0,1
85,1,1,0,0,1,0,0
51,1,2,0,0,1,0,1
137,2,5,0,0,0,1,1
52,1,2,0,0,1,0,1
160,3,3,0,0,0,0,0
158,3,3,0,0,0,0,0
55,3,2,0,0,1,0,0
212,3,4,0,0,0,1,1
180,3,4,0,0,0,0,0
200,2,5,0,0,0,0,1
89,1,3,0,0,1,0,1
66,1,2,0,0,1,0,1
103,3,3,0,0,1,0,0
174,3,3,0,0,1,0,0
103,3,3,0,0,1,0,0
257,4,4,0,0,0,0,0
203,1,2,0,0,1,0,1
201,2,4,0,0,0,0,0
180,4,5,0,0,0,0,1
177,2,3,0,0,1,0,1
60,1,2,0,0,1,0,1
118,1,1,0,0,1,0,1
213,4,4,0,0,1,0,1
61,1,2,0,0,1,0,0
48,1,1,0,0,1,0,1
234,4,4,0,0,0,0,0
185,2,3,0,0,1,0,1
159,2,6,0,0,1,0,1
110,2,2,1,0,0,0,1
80,1,2,0,0,0,1,1
160,1,3,0,0,0,1,1
112,2,2,1,0,0,0,1
77,2,2,0,0,1,0,1
189,4,4,0,0,0,1,0
102,1,2,0,0,1,0,1
110,2,6,0,0,0,1,1
161,2,4,0,0,1,0,0
210,3,3,0,0,0,0,0
210,3,3,0,0,0,0,0
210,3,3,0,0,0,0,0
210,3,3,0,0,0,0,0
210,3,3,0,0,0,0,0
40,1,1,0,0,1,0,1
145,1,1,0,0,1,0,1
250,4,5,0,0,0,1,1
120,2,2,0,0,0,1,1
160,2,4,0,0,0,1,0
180,5,5,0,1,0,0,0
130,2,3,0,0,1,0,1
194,2,3,0,0,0,1,1
140,2,3,0,0,1,0,0
109,2,2,0,0,0,1,1
166,1,3,0,0,0,1,0
173,3,3,0,0,1,0,0
200,3,2,0,0,0,0,0
48,2,2,0,0,1,0,1
128,4,3,0,0,1,0,0
30,1,2,0,0,1,0,1
72,1,2,0,0,1,0,1
200,4,3,0,0,1,0,1
200,4,3,0,0,1,0,1
231,4,3,0,1,0,0,0
167,3,4,0,0,1,0,1
167,3,3,0,0,1,0,1
167,3,3,0,0,1,0,1
167,3,4,0,0,1,0,1
167,3,3,0,0,1,0,1
167,3,3,0,0,1,0,1
167,3,4,0,0,1,0,1
209,3,4,0,0,0,1,0
66,1,1,0,0,0,1,1
50,1,1,0,0,1,0,0
208,4,6,0,0,0,0,0
100,3,3,0,0,1,0,0
65,2,4,0,0,0,1,1
72,1,2,0,0,1,0,1
103,1,2,0,0,1,0,1
214,3,3,0,0,0,1,0
201,7,5,0,0,0,1,0
70,1,1,0,0,1,0,1
120,1,3,0,0,1,0,1
163,2,3,0,0,1,0,0
66,1,3,0,0,1,0,1
41,2,3,0,0,1,0,1
184,3,3,0,0,1,0,0
184,3,3,0,0,1,0,0
30,1,2,1,0,0,0,1
69,2,2,0,0,1,0,1
52,1,1,0,0,1,0,1
63,1,1,0,0,1,0,1
262,2,6,0,0,1,0,0
108,1,2,0,0,1,0,0
112,1,3,0,0,1,0,1
184,3,4,0,0,0,0,0
168,4,3,1,0,0,0,1
108,4,4,0,0,1,0,1
89,1,2,0,0,1,0,0
190,2,4,0,0,1,0,0
105,2,5,0,0,1,0,1
109,1,3,0,0,1,0,1
256,2,3,0,0,1,0,1
180,1,1,0,0,1,0,1
154,4,7,0,0,1,0,0
52,1,1,0,0,1,0,1
137,1,3,0,0,1,0,1
75,1,2,0,0,1,0,1
64,1,2,0,0,1,0,1
57,2,3,0,0,1,0,1
80,1,3,0,0,0,1,1
32,1,1,0,0,1,0,1
70,1,3,0,0,1,0,1
60,1,2,0,0,1,0,1
106,2,3,0,0,1,0,1
48,1,2,1,0,0,0,1
123,2,4,0,0,1,0,1
65,1,2,0,0,0,1,1
81,1,2,0,0,0,1,1
55,1,1,0,0,1,0,1
80,2,2,0,0,0,0,1
101,1,2,0,0,1,0,1
70,1,2,0,0,1,0,1
36,1,1,0,0,1,0,1
84,1,2,0,0,0,1,1
100,2,2,0,0,1,0,1
85,1,3,0,0,0,1,1
101,2,3,0,0,0,1,1
101,1,2,0,0,1,0,1
59,1,2,0,0,1,0,1
46,2,2,1,0,0,0,1
57,1,2,0,0,1,0,1
73,1,2,0,0,0,1,1
78,1,2,0,0,0,1,1
42,1,1,0,0,1,0,1
72,1,2,0,0,0,1,1
65,1,2,0,0,0,1,1
65,1,2,0,0,0,1,1
65,1,2,0,0,0,1,1
50,1,1,0,0,0,1,1
92,2,3,0,0,1,0,1
65,2,2,0,0,1,0,1
87,2,3,0,0,1,0,1
132,2,3,0,0,0,1,1
52,1,2,1,0,0,0,1
71,1,2,0,1,0,0,1
49,1,1,1,0,0,0,1
71,1,2,0,0,1,0,1
71,1,2,1,0,0,0,1
80,2,3,0,0,1,0,1
55,1,1,1,0,0,0,1
60,1,2,0,1,0,0,1
66,1,2,0,0,1,0,1
67,1,2,0,0,1,0,1
55,1,1,1,0,0,0,1
50,1,1,0,0,0,1,1
93,2,3,0,0,0,1,1
90,2,3,0,0,0,1,1
85,1,2,0,0,0,1,1
92,1,2,0,0,0,1,1
122,1,2,0,0,0,1,1
56,1,2,0,1,0,0,1
57,1,2,0,0,0,1,1
118,2,3,0,0,0,1,1
71,1,2,0,0,1,0,1
48,1,1,0,0,1,0,1
69,1,2,0,0,1,0,1
77,1,1,1,0,0,0,1
74,2,2,0,0,1,0,1
126,1,2,0,0,1,0,1
92,2,3,0,0,1,0,1
63,1,2,0,0,0,1,1
98,2,3,0,0,0,1,1
90,1,2,0,1,0,0,1
45,1,1,0,0,1,0,1
70,1,2,0,0,1,0,1
59,1,1,0,0,1,0,1
67,1,2,0,0,0,1,1
111,1,2,0,0,0,1,1
91,2,3,0,0,1,0,1
112,2,3,0,0,0,1,1
85,2,2,0,0,0,1,1
80,1,2,0,0,0,1,1
88,1,2,0,0,1,0,1
68,1,3,1,0,0,0,1
76,1,3,1,0,0,0,1
63,1,2,1,0,0,0,1
50,1,1,0,0,1,0,1
100,2,3,0,0,0,1,1
100,2,3,0,0,0,1,1
69,1,2,0,0,0,1,1
55,1,1,0,0,0,0,1
72,1,2,0,0,0,1,1
79,1,2,0,0,1,0,1
58,1,2,0,0,1,0,1
66,1,2,0,0,1,0,1
85,2,2,0,0,0,1,1
95,1,2,0,0,0,1,1
54,1,1,0,0,1,0,1
65,1,2,0,0,1,0,1
69,1,2,1,0,0,0,1
110,2,3,0,0,1,0,1
73,1,2,0,0,1,0,1
54,1,2,1,0,0,0,1
39,1,1,0,0,1,0,1
55,1,1,0,1,0,0,0
104,2,4,0,0,1,0,1
120,2,3,0,0,1,0,1
64,1,2,0,0,1,0,1
66,1,2,1,0,0,0,1
42,1,1,0,0,0,1,1
56,1,2,0,0,0,1,1
66,1,1,0,0,0,1,1
56,1,2,0,0,1,0,1
61,1,2,0,0,0,1,1
106,2,3,0,0,1,0,1
66,1,2,0,0,1,0,1
145,3,3,0,0,1,0,1
85,2,3,0,0,0,1,1
90,1,3,0,0,1,0,0
49,1,1,0,0,0,1,1
32,1,1,0,0,0,0,1
90,2,3,0,0,0,1,1
88,1,2,1,0,0,0,1
82,1,2,0,0,1,0,0
65,1,2,0,0,1,0,1
106,2,3,0,0,1,0,1
96,1,2,0,0,1,0,1
115,2,3,0,0,1,0,1
115,2,3,0,0,1,0,1
115,2,3,0,0,1,0,1
81,1,2,1,0,0,0,1
89,1,2,0,0,0,0,1
50,1,1,1,0,0,0,1
66,1,2,0,0,1,0,1
69,1,2,0,1,0,0,1
71,2,4,0,0,1,0,1
57,1,2,0,0,1,0,1
50,1,1,0,0,0,0,1
75,1,2,0,0,0,0,1
40,1,1,1,0,0,0,1
62,1,2,0,0,1,0,1
34,1,1,0,0,0,0,1
72,1,2,0,0,1,0,1
118,2,3,0,0,0,1,1
80,1,3,0,0,0,1,1
46,1,1,0,1,0,0,1
85,2,3,0,0,0,1,1
75,2,2,1,0,0,0,1
55,1,1,0,1,0,0,1
94,1,3,0,0,0,1,1
75,1,2,0,0,1,0,1
107,2,3,0,0,1,0,1
56,1,1,1,0,0,0,1
95,1,2,0,0,1,0,0
69,1,2,0,0,0,1,1
81,1,2,0,0,1,0,1
65,1,1,0,0,0,1,1
100,1,2,0,0,1,0,1
88,2,3,0,0,0,1,1
77,1,3,0,0,0,1,1
60,1,2,0,0,1,0,1
55,1,1,0,0,0,1,1
86,1,2,0,0,0,1,1
50,1,1,0,0,1,0,1
62,1,1,0,0,0,1,1
120,1,2,0,0,0,0,1
111,2,4,0,0,0,1,1
130,2,3,0,0,0,1,1
40,2,2,1,0,0,0,1
58,1,2,1,0,0,0,1
47,1,1,1,0,0,0,1
133,1,1,0,0,0,1,1
100,1,2,0,0,0,1,1
75,1,2,0,0,0,1,1
75,2,2,0,0,1,0,1
63,1,1,0,0,0,1,1
103,1,2,0,0,0,1,1
72,1,2,0,0,0,1,1
89,1,3,0,0,1,0,1
38,1,2,1,0,0,0,1
105,2,3,0,0,1,0,1
90,2,2,0,0,0,1,1
102,1,2,0,0,1,0,1
69,1,2,0,0,1,0,1
83,2,3,0,0,0,1,1
60,1,1,0,0,1,0,1
71,1,2,0,0,1,0,1
64,1,1,0,0,0,1,1
85,1,2,0,0,0,1,1
104,2,3,0,0,1,0,1
66,1,2,0,0,0,0,1
78,1,3,0,0,0,1,1
46,1,1,1,0,0,0,1
68,1,1,0,0,1,0,1
55,1,1,1,0,0,0,1
76,1,2,0,0,1,0,1
78,1,2,0,0,1,0,1
62,1,2,0,0,1,0,1
80,1,2,0,0,1,0,1
105,1,2,0,0,1,0,1
72,1,2,0,0,0,1,1
58,1,2,0,0,1,0,1
77,1,2,0,0,1,0,1
50,1,1,1,0,0,0,1
50,1,1,1,0,0,0,1
56,1,2,0,0,1,0,0
60,1,3,0,0,1,0,1
82,1,2,0,0,1,0,1
109,1,3,1,0,0,0,1
71,1,2,0,0,1,0,1
65,1,2,1,0,0,0,1
96,2,3,0,0,0,1,1
176,1,4,0,0,1,0,1
77,1,2,0,0,1,0,1
79,1,2,0,0,1,0,0
65,1,3,1,0,0,0,1
80,1,2,0,0,1,0,1
94,1,2,0,0,1,0,1
53,1,1,0,1,0,0,1
65,1,2,0,0,0,1,1
69,1,3,1,0,0,0,1
91,2,2,0,0,1,0,1
86,2,2,0,0,1,0,1
101,2,3,0,0,0,1,1
88,1,2,0,0,1,0,1
85,1,2,0,0,1,0,1
103,2,3,0,0,0,1,1
55,1,1,0,0,0,0,1
90,2,3,0,0,0,1,1
78,1,2,0,0,0,1,1
62,1,3,0,0,1,0,1
34,1,1,0,1,0,0,1
75,2,2,0,0,1,0,1
93,1,2,0,0,0,1,1
75,1,2,0,0,0,0,1
77,2,3,0,0,1,0,1
93,1,3,0,0,1,0,1
60,1,2,0,0,1,0,1
52,1,2,1,0,0,0,1
69,1,2,1,0,0,0,1
76,1,2,1,0,0,0,1
76,1,2,1,0,0,0,1
60,1,1,0,0,1,0,1
80,2,2,0,0,0,0,1
118,2,3,0,0,1,0,1
86,1,2,0,0,1,0,1
79,1,2,0,0,1,0,1
75,1,2,0,0,0,1,1
61,1,2,0,0,1,0,0
92,2,3,0,0,0,1,1
60,1,2,0,0,1,0,1
82,2,3,0,0,1,0,1
62,1,2,0,0,0,1,1
72,1,2,0,0,0,0,1
77,1,2,0,0,1,0,0
115,2,3,0,0,1,0,1
70,1,2,0,0,1,0,1
107,2,3,0,0,1,0,1
72,1,2,0,0,1,0,1
59,1,2,0,0,1,0,1
66,1,2,1,0,0,0,1
84,3,2,0,0,1,0,1
68,1,1,0,0,0,1,1
102,2,2,0,0,0,1,1
63,1,1,0,0,1,0,0
69,1,2,0,0,0,1,1
74,1,2,1,0,0,0,1
81,1,2,0,0,1,0,1
76,2,3,0,0,0,1,1
66,1,2,0,0,0,1,1
63,1,2,0,0,1,0,1
88,1,2,0,0,1,0,0
81,2,3,0,0,0,0,1
83,1,2,0,0,0,1,1
55,1,1,0,1,0,0,1
127,2,4,0,0,0,1,1
75,1,2,0,0,1,0,1
89,1,2,0,0,0,1,1
85,1,2,0,0,1,0,1
85,1,2,0,0,1,0,0
52,1,1,0,1,0,0,1
65,1,1,0,0,0,1,1
88,1,2,0,0,0,1,1
56,1,2,1,0,0,0,1
118,2,3,0,0,1,0,1
60,1,1,0,0,1,0,1
90,2,3,0,0,1,0,1
147,2,3,0,0,1,0,1
98,2,3,0,0,1,0,1
107,2,2,0,0,1,0,1
76,1,1,0,0,1,0,0
75,1,2,0,0,1,0,1
89,2,3,0,0,0,0,1
62,1,2,0,0,1,0,1
70,1,2,0,0,1,0,1
84,1,2,0,0,1,0,1
57,1,1,0,0,1,0,1
84,1,2,0,0,1,0,1
60,2,1,0,0,1,0,1
86,1,2,0,0,0,1,1
113,2,3,0,0,1,0,1
156,2,2,0,0,1,0,1
52,1,2,0,0,1,0,1
78,1,2,0,0,1,0,1
87,1,2,0,0,0,1,1
114,2,3,0,0,1,0,1
40,1,1,1,0,0,0,1
80,1,2,0,1,0,0,1
87,2,3,0,0,1,0,1
81,1,2,0,0,1,0,1
81,1,2,0,0,1,0,0
116,2,3,0,0,0,1,1
73,1,1,0,0,0,1,1
73,1,2,0,0,0,1,1
87,1,2,0,0,0,1,1
85,1,1,0,0,0,1,1
59,2,3,1,0,0,0,1
57,1,2,0,0,1,0,1
55,1,2,0,0,1,0,1
85,1,2,0,0,0,1,1
61,1,2,0,0,0,1,1
80,1,2,0,0,1,0,1
52,1,1,0,1,0,0,1
110,2,2,0,0,0,1,1
62,1,2,0,1,0,0,1
68,1,2,0,0,1,0,1
78,1,2,0,0,1,0,1
76,1,2,0,0,1,0,1
68,1,2,0,0,0,0,1
113,1,2,0,0,1,0,1
85,1,3,0,0,1,0,1
74,1,3,0,0,1,0,0
123,2,3,0,0,0,1,1
70,1,2,0,0,0,1,1
57,1,1,0,0,1,0,1
87,2,3,0,0,1,0,1
112,2,3,0,0,1,0,1
119,2,2,0,0,1,0,1
70,1,2,0,0,1,0,1
85,1,2,0,0,0,1,1
75,3,2,0,0,1,0,1
72,1,2,0,0,0,1,1
87,1,1,0,0,1,0,1
78,1,3,0,0,0,1,1
81,1,2,0,0,0,1,1
95,1,2,0,0,1,0,1
63,1,2,0,0,0,1,1
75,1,2,0,0,1,0,1
80,1,1,0,0,1,0,1
80,1,2,0,0,1,0,1
80,1,2,0,0,1,0,1
80,1,2,0,0,1,0,1
80,1,2,0,0,1,0,1
80,1,2,0,0,1,0,1
80,1,2,0,0,1,0,1
80,1,2,0,0,1,0,1
98,2,3,0,0,1,0,1
65,1,2,0,0,1,0,1
93,1,2,0,0,0,1,1
62,1,2,1,0,0,0,1
66,1,1,0,0,1,0,1
92,2,3,0,0,1,0,1
120,2,3,0,0,1,0,1
40,1,2,1,0,0,0,1
85,1,2,0,0,0,1,1
74,1,3,0,0,1,0,1
114,2,3,0,0,1,0,1
84,1,3,0,0,0,1,1
59,1,1,0,0,0,1,1
92,2,3,0,1,0,0,1
54,1,1,0,0,1,0,1
75,2,3,0,0,1,0,1
75,1,2,0,0,1,0,1
103,2,3,0,0,1,0,1
119,1,1,0,0,1,0,1
135,2,3,0,0,1,0,1
128,2,3,0,0,1,0,1
72,1,2,0,0,1,0,0
123,2,3,0,0,1,0,1
66,1,2,0,0,1,0,1
106,2,3,0,0,1,0,1
77,1,3,0,0,1,0,1
79,1,2,0,0,0,1,1
45,1,1,0,0,0,1,1
82,1,2,0,0,0,1,1
82,2,2,0,0,0,0,1
104,2,4,1,0,0,0,1
48,1,1,0,0,1,0,1
99,1,2,0,0,0,1,1
102,1,3,0,0,1,0,1
72,1,2,0,0,1,0,1
88,1,2,0,0,1,0,1
53,1,2,1,0,0,0,1
104,2,3,0,0,1,0,1
75,1,3,1,0,0,0,1
109,2,3,0,0,1,0,1
72,2,2,0,0,0,1,1
45,1,1,0,0,1,0,1
43,1,1,1,0,0,0,1
177,2,3,0,0,0,1,1
82,1,1,0,0,1,0,1
45,1,1,0,0,1,0,1
120,2,3,0,0,0,1,1
70,1,2,0,0,0,1,1
94,1,2,1,0,0,0,1
72,1,2,0,0,1,0,1
92,2,3,0,0,1,0,1
117,2,4,0,0,1,0,1
88,2,2,0,0,0,1,1
49,1,1,0,0,0,1,1
46,1,2,0,0,0,1,1
83,1,2,0,0,0,1,1
48,1,1,0,0,1,0,1
134,2,3,0,0,1,0,1
72,1,2,0,0,1,0,1
109,1,2,0,0,0,1,1
52,2,1,0,0,1,0,1
60,1,1,0,1,0,0,1
52,1,1,0,1,0,0,1
45,1,1,1,0,0,0,1
61,1,2,0,0,1,0,1
33,1,1,0,0,0,1,1
90,1,2,0,0,0,1,1
75,1,2,0,0,0,1,1
95,1,2,0,0,1,0,1
100,1,2,0,0,0,1,1
81,1,2,0,0,1,0,1
67,1,1,0,0,0,1,1
75,1,2,1,0,0,0,1
57,1,2,0,0,0,1,1
54,1,1,1,0,0,0,1
76,1,2,0,0,0,1,1
64,1,2,0,0,0,1,1
73,1,2,0,0,0,1,1
40,1,1,1,0,0,0,1
42,1,1,0,1,0,0,1
41,1,1,0,0,1,0,1
100,1,2,0,0,1,0,1
101,2,4,0,0,0,1,1
107,1,2,0,0,0,1,1
83,1,2,0,0,0,1,1
35,1,1,1,0,0,0,1
77,1,2,0,0,1,0,1
104,2,3,0,0,0,1,1
104,2,3,0,0,0,1,1
36,1,1,1,0,0,0,1
58,1,1,0,0,1,0,1
114,1,2,0,0,1,0,1
118,1,2,0,0,1,0,1
134,2,3,0,0,1,0,1
47,1,1,0,0,1,0,1
67,1,2,0,0,1,0,1
85,1,3,0,0,1,0,1
78,2,3,0,0,0,1,1
104,2,4,0,0,1,0,1
75,1,2,0,0,0,1,1
51,1,2,0,0,1,0,1
76,1,2,0,0,0,1,1
96,1,2,0,0,1,0,1
91,3,3,0,0,1,0,1
90,2,2,0,0,1,0,1
116,2,2,0,0,1,0,1
92,2,3,0,0,0,1,1
47,1,2,0,0,1,0,1
80,1,2,0,0,1,0,1
60,1,2,0,0,0,1,1
94,2,2,0,0,1,0,1
82,2,3,0,0,0,1,1
52,1,1,0,0,1,0,1
93,2,3,0,0,0,1,1
70,1,1,0,0,0,1,1
52,1,2,1,0,0,0,1
87,1,2,0,0,1,0,1
73,1,2,0,0,1,0,1
100,2,3,0,0,1,0,1
80,1,2,0,0,1,0,1
100,2,3,0,0,1,0,1
84,2,2,0,0,1,0,1
84,1,2,0,0,1,0,1
84,1,2,0,0,1,0,1
84,1,2,0,0,1,0,1
84,2,3,0,0,1,0,1
72,1,2,0,0,1,0,1
117,2,3,0,0,1,0,1
64,1,2,0,1,0,0,1
55,1,2,0,0,0,1,1
65,1,2,0,0,1,0,1
66,1,2,0,0,0,0,1
133,2,3,0,0,0,1,1
66,1,1,1,0,0,0,1
64,1,2,1,0,0,0,1
47,1,1,1,0,0,0,1
85,1,2,0,0,1,0,0
110,2,3,0,0,0,1,1
69,1,2,0,0,0,1,1
100,2,3,0,0,1,0,1
102,2,3,0,0,1,0,1
114,2,3,0,0,0,1,1
117,1,3,0,0,0,1,1
120,2,3,0,0,1,0,1
42,1,1,0,1,0,0,1
68,1,2,0,0,1,0,1
60,1,1,0,0,1,0,1
49,1,1,0,0,1,0,1
158,2,3,0,0,0,1,1
43,1,1,0,0,1,0,1
62,1,2,0,0,1,0,1
100,2,3,0,0,1,0,1
87,1,2,0,0,0,1,1
55,2,3,0,0,0,1,1
138,3,1,1,0,0,0,1
167,1,2,0,0,1,0,1
34,1,1,0,0,0,0,1
79,2,3,0,0,1,0,1
85,1,2,0,0,1,0,1
64,1,1,0,0,1,0,1
44,1,1,0,0,1,0,1
41,1,1,0,0,1,0,1
45,2,1,0,0,0,0,1
134,2,3,0,0,1,0,1
82,1,2,0,0,1,0,1
79,1,2,0,0,1,0,1
114,2,3,0,0,1,0,1
88,1,2,0,0,0,1,1
84,2,2,0,0,0,1,1
80,1,3,1,0,0,0,1
80,1,2,1,0,0,0,1
63,1,2,1,0,0,0,1
58,2,2,0,0,1,0,1
70,1,2,0,0,1,0,1
71,1,1,0,0,0,1,1
85,1,2,0,0,0,1,1
105,2,3,0,0,1,0,1
48,1,1,0,0,0,1,1
139,2,3,0,0,0,1,1
65,1,2,1,0,0,0,1
62,1,2,1,0,0,0,1
70,1,2,0,0,0,1,1
81,1,2,0,0,1,0,1
98,1,2,0,0,1,0,1
77,1,1,0,0,0,1,1
70,1,1,0,0,0,1,1
124,2,3,0,0,0,1,1
75,1,2,0,0,1,0,1
90,2,3,0,0,1,0,1
75,1,2,0,0,1,0,1
48,1,1,1,0,0,0,1
82,2,3,0,0,1,0,1
92,1,3,0,1,0,0,1
141,2,3,0,0,1,0,1
65,1,2,0,0,1,0,1
50,1,2,1,0,0,0,1
63,1,2,1,0,0,0,1
84,1,2,0,0,1,0,1
90,2,3,0,0,0,1,1
121,2,3,0,0,1,0,1
60,1,2,0,0,1,0,1
76,1,2,0,0,1,0,1
113,2,3,0,0,1,0,1
40,1,2,1,0,0,0,0
105,2,3,0,0,1,0,1
50,1,1,0,0,0,1,1
70,1,2,0,0,1,0,1
88,2,3,0,0,1,0,1
87,1,2,0,0,1,0,0
104,1,2,0,0,0,1,1
80,1,2,0,0,1,0,1
62,1,2,0,0,1,0,1
75,1,1,0,0,1,0,1
95,2,3,0,0,0,1,1
97,2,3,0,0,1,0,1
61,1,2,0,0,0,1,1
100,1,3,0,0,1,0,1
77,1,2,0,0,1,0,1
73,1,2,0,0,1,0,1
144,2,3,0,0,0,1,1
67,1,2,0,0,0,0,1
97,2,3,0,0,1,0,1
103,1,2,0,0,0,1,1
67,1,2,0,0,1,0,1
52,1,1,0,0,0,1,1
80,1,2,0,0,1,0,1
117,2,3,0,0,1,0,1
62,1,2,0,0,0,1,1
76,1,2,0,0,1,0,1
45,1,1,1,0,0,0,1
45,1,1,1,0,0,0,1
82,2,3,0,0,0,1,1
94,1,2,0,0,0,1,1
44,2,1,1,0,0,0,1
28,1,1,1,0,0,0,1
35,1,3,1,0,0,0,1
70,1,2,1,0,0,0,1
135,2,3,0,0,0,1,1
117,2,3,0,0,0,1,1
87,2,3,0,0,0,1,1
46,1,2,1,0,0,0,1
130,2,2,0,0,0,1,1
86,2,2,0,0,1,0,1
82,1,2,0,0,1,0,1
89,1,2,0,0,0,1,1
86,1,2,0,0,1,0,1
77,1,2,0,0,1,0,1
48,1,1,0,0,1,0,1
93,2,3,0,0,1,0,1
85,2,2,0,0,0,0,1
43,1,2,1,0,0,0,1
90,1,2,0,0,1,0,1
106,1,2,0,0,1,0,1
88,2,2,0,0,1,0,1
58,1,1,0,0,1,0,1
37,1,1,1,0,0,0,1
72,1,2,0,0,0,1,1
94,1,4,1,0,0,0,1
69,1,2,1,0,0,0,1
81,2,1,0,0,1,0,1
80,1,2,0,0,0,1,1
54,1,1,0,0,1,0,1
79,1,2,0,1,0,0,1
80,1,2,0,0,1,0,1
40,1,1,1,0,0,0,1
66,1,2,0,0,1,0,1
110,1,2,0,0,1,0,1
51,1,1,1,0,0,0,1
73,1,2,0,0,1,0,1
79,1,2,0,0,0,1,1
132,2,3,0,0,1,0,1
95,1,3,0,0,0,1,1
53,1,1,0,0,0,1,1
76,1,2,0,0,0,1,1
85,2,3,0,0,0,1,1
75,1,2,0,0,1,0,1
75,1,2,0,0,1,0,0
73,1,2,0,0,0,1,1
56,1,1,0,0,1,0,1
76,1,2,0,0,1,0,1
53,1,2,0,0,0,1,1
80,1,2,0,0,1,0,0
159,2,3,0,0,1,0,1
83,1,1,0,0,1,0,1
75,1,2,0,0,1,0,1
50,1,1,0,0,1,0,1
55,1,1,0,0,1,0,1
73,1,2,0,0,0,1,1
145,2,3,0,0,0,1,1
60,1,3,0,0,0,0,1
80,1,3,0,0,0,0,1
31,1,1,1,0,0,0,1
65,1,2,0,0,0,1,1
42,1,2,0,0,1,0,1
78,1,3,0,0,0,0,1
99,1,2,0,0,1,0,1
63,1,2,1,0,0,0,1
59,1,2,0,0,1,0,1
30,1,1,1,0,0,0,1
115,2,3,0,0,1,0,1
83,1,2,0,1,0,0,1
73,1,2,0,0,1,0,1
75,1,2,0,0,0,1,1
147,2,1,0,0,0,1,1
114,2,3,0,0,0,1,1
71,1,2,0,0,1,0,1
103,2,3,0,0,1,0,1
136,2,3,0,0,1,0,1
104,2,3,0,0,0,1,1
80,1,3,0,0,0,0,1
97,2,3,0,1,0,0,1
123,2,3,0,0,0,1,1
109,1,2,0,0,0,0,1
50,1,1,0,0,1,0,1
61,1,1,1,0,0,0,1
72,1,2,0,0,0,0,1
110,1,3,0,0,1,0,1
70,2,2,0,0,0,1,1
78,1,2,0,0,0,1,1
80,2,2,0,1,0,0,1
160,1,1,0,0,1,0,1
95,1,2,0,0,1,0,1
41,1,1,0,0,1,0,0
120,2,4,0,0,1,0,1
78,1,2,0,0,1,0,1
47,1,1,0,0,0,1,1
41,2,1,0,0,0,1,1
82,1,2,0,0,0,1,1
71,1,2,0,0,1,0,1
93,2,2,0,0,1,0,1
62,1,2,0,0,0,1,1
45,1,1,1,0,0,0,1
79,1,3,0,0,1,0,1
113,2,3,0,0,0,1,1
61,1,2,0,0,1,0,1
46,1,1,0,0,1,0,1
95,1,2,0,0,1,0,1
70,1,2,0,0,1,0,1
112,2,1,0,0,1,0,1
79,1,2,0,0,1,0,1
66,1,2,0,0,1,0,1
72,1,2,0,0,1,0,1
65,1,2,0,0,0,1,1
64,1,2,1,0,0,0,1
106,2,3,0,0,1,0,1
124,2,4,0,0,1,0,1
81,2,3,0,0,1,0,1
57,1,1,0,0,1,0,1
88,1,2,0,0,1,0,1
82,1,1,0,0,1,0,1
66,1,2,0,0,1,0,1
74,1,2,0,0,1,0,1
62,1,1,0,0,1,0,1
91,2,3,0,0,0,1,1
60,1,1,0,0,0,0,1
54,1,2,0,0,1,0,1
115,2,2,0,0,1,0,1
79,1,2,0,0,1,0,1
103,2,3,0,0,1,0,1
74,1,2,0,0,1,0,1
145,2,3,0,0,1,0,1
28,1,1,1,0,0,0,1
126,2,4,0,0,1,0,1
127,2,2,0,0,1,0,1
58,1,2,0,0,1,0,1
85,1,3,1,0,0,0,1
60,2,2,0,1,0,0,1
86,1,1,0,0,0,1,1
87,2,3,0,0,0,1,1
61,1,2,0,0,1,0,1
44,1,1,0,0,1,0,0
73,1,2,0,0,0,1,1
70,1,2,0,0,0,1,1
106,2,3,0,0,1,0,1
93,2,3,0,0,1,0,1
60,2,2,0,0,0,1,1
108,2,3,0,0,1,0,1
104,1,2,0,0,1,0,1
39,1,1,0,0,1,0,1
86,1,2,0,0,0,1,1
30,1,1,1,0,0,0,1
87,1,1,0,0,1,0,1
46,1,1,0,1,0,0,1
51,1,1,0,0,1,0,1
60,1,1,1,0,0,0,1
91,1,2,0,0,0,1,1
85,1,2,0,0,1,0,1
100,2,3,0,0,1,0,1
81,1,2,0,0,1,0,1
178,2,4,0,0,0,1,1
75,1,2,0,1,0,0,0
74,1,3,1,0,0,0,1
143,2,3,0,0,1,0,1
88,1,2,0,0,1,0,0
57,2,3,0,1,0,0,1
121,2,3,0,0,0,1,1
82,1,2,0,0,0,1,1
63,1,2,1,0,0,0,1
73,1,1,0,0,1,0,1
83,1,3,1,0,0,0,1
55,1,1,0,0,1,0,0
62,1,2,1,0,0,0,1
94,2,2,0,0,0,1,1
96,2,3,0,0,1,0,1
74,1,2,0,0,1,0,1
61,1,1,0,0,0,1,1
75,1,3,1,0,0,0,1
52,1,2,0,1,0,0,1
60,1,2,0,0,1,0,1
99,2,3,0,0,0,1,1
90,1,2,0,0,0,1,1
75,1,2,0,0,0,1,0
32,1,1,1,0,0,0,1
63,1,2,1,0,0,0,1
95,1,2,0,0,1,0,1
108,1,2,0,0,1,0,1
252,2,2,0,0,1,0,1
60,1,1,0,1,0,0,1
80,1,2,0,0,0,1,1
63,1,2,0,0,1,0,1
65,1,1,0,1,0,0,0
76,1,2,0,0,1,0,1
86,2,3,0,0,1,0,1
77,2,2,0,0,1,0,1
27,1,1,1,0,0,0,1
80,1,2,0,0,1,0,1
118,1,2,0,0,0,1,1
65,2,2,0,0,0,0,1
75,1,2,0,0,1,0,1
40,1,1,1,0,0,0,0
35,1,1,1,0,0,0,1
42,1,2,1,0,0,0,1
82,1,3,0,0,0,1,1
75,1,2,0,0,0,0,1
57,1,1,0,0,1,0,1
80,1,1,0,0,0,0,1
58,1,1,0,1,0,0,1
84,1,2,0,0,1,0,1
29,1,1,1,0,0,0,1
65,1,1,0,0,0,1,1
34,1,1,0,0,0,1,1
78,1,2,0,0,0,1,1
30,1,1,1,0,0,0,1
38,1,1,0,0,1,0,1
115,2,3,0,0,1,0,1
72,1,2,1,0,0,0,1
81,1,2,0,0,1,0,0
95,1,2,0,0,1,0,1
80,1,2,0,0,0,1,1
50,1,1,0,0,1,0,1
55,1,1,1,0,0,0,1
71,1,2,0,0,1,0,1
43,1,1,0,0,1,0,1
40,1,1,0,1,0,0,1
68,1,2,0,0,0,1,1
82,1,1,0,0,0,1,1
81,1,2,0,0,0,1,1
79,1,1,0,0,0,1,1
47,1,1,1,0,0,0,1
50,1,1,1,0,0,0,1
59,1,1,0,0,1,0,1
121,2,4,0,0,1,0,1
95,1,2,0,0,1,0,1
88,1,2,0,0,0,1,1
106,1,2,0,0,0,1,1
63,1,2,0,0,1,0,1
65,1,3,0,0,0,1,1
52,1,2,1,0,0,0,1
139,1,2,0,0,0,1,1
110,2,3,0,0,1,0,1
61,1,2,0,0,1,0,1
70,1,2,0,0,0,1,1
80,1,1,0,0,0,1,1
56,1,2,0,0,1,0,1
110,2,3,0,0,0,1,1
99,1,2,0,0,0,1,1
55,1,1,0,0,1,0,1
83,1,2,0,0,0,1,1
106,2,4,0,0,1,0,1
109,2,3,0,0,1,0,1
66,2,3,0,0,0,0,1
93,1,3,0,0,1,0,1
105,2,3,0,0,1,0,1
90,1,2,0,0,1,0,1
110,2,3,0,0,1,0,1
73,1,2,0,0,1,0,1
44,1,1,1,0,0,0,0
47,1,1,0,0,0,1,1
90,1,3,0,0,1,0,0
77,1,2,0,0,1,0,1
64,1,2,1,0,0,0,1
64,1,2,0,0,1,0,1
219,5,4,0,0,1,0,1
99,2,3,0,0,1,0,1
88,2,3,0,0,0,1,1
40,1,1,1,0,0,0,1
115,1,3,1,0,0,0,1
72,1,2,0,0,1,0,1
77,1,2,0,0,0,1,1
68,1,2,0,0,1,0,1
101,2,4,0,0,0,1,1
80,1,2,0,0,0,1,1
77,1,2,0,0,0,1,1
116,2,3,0,0,1,0,1
75,1,2,0,0,0,1,1
42,1,2,1,0,0,0,1
85,1,2,0,0,0,1,1
94,1,2,0,0,1,0,1
64,1,1,0,0,0,1,1
103,2,3,0,0,1,0,1
70,1,3,0,0,1,0,1
62,1,1,0,0,1,0,1
85,1,2,0,0,1,0,1
61,1,1,0,0,1,0,1
45,1,1,0,0,0,1,1
60,1,2,0,0,0,1,1
77,1,2,0,0,0,1,1
97,2,4,0,0,1,0,1
67,1,2,0,0,1,0,1
102,2,3,0,0,0,0,1
62,1,2,0,0,1,0,0
40,1,1,1,0,0,0,1
90,1,2,0,0,1,0,1
105,2,3,0,0,1,0,1
74,1,2,0,1,0,0,1
121,2,4,0,0,0,1,1
119,2,3,0,0,0,1,1
53,1,2,1,0,0,0,1
71,1,2,0,0,1,0,1
107,2,2,0,0,1,0,1
101,2,2,0,0,1,0,1
107,2,2,0,0,1,0,1
95,2,2,0,0,1,0,1
107,2,2,0,0,1,0,1
107,2,2,0,0,1,0,1
117,2,3,0,0,1,0,1
139,2,3,0,0,1,0,1
52,2,3,1,0,0,0,1
95,1,2,0,0,1,0,1
40,1,1,1,0,0,0,0
81,1,2,0,0,1,0,1
73,2,2,0,1,0,0,1
91,1,2,0,0,0,1,1
100,2,3,0,0,0,1,1
90,1,3,0,0,0,1,1
81,2,2,0,0,1,0,1
85,2,3,0,0,1,0,1
81,2,3,0,1,0,0,1
90,2,2,0,1,0,0,1
86,2,3,0,0,1,0,1
48,1,2,0,0,0,1,1
86,1,2,0,0,1,0,1
92,2,3,0,0,1,0,1
45,1,1,1,0,0,0,1
124,2,2,0,0,0,1,1
62,2,2,0,0,0,1,1
82,2,3,0,0,1,0,1
74,2,2,0,0,1,0,1
73,1,1,1,0,0,0,1
80,1,2,0,0,1,0,1
116,2,3,0,0,1,0,1
60,1,2,0,0,1,0,1
85,2,3,0,0,1,0,1
77,2,2,0,0,1,0,1
80,1,3,0,0,0,1,1
94,1,3,0,0,1,0,1
105,2,2,0,0,0,1,1
74,1,2,0,0,1,0,1
87,3,3,0,0,1,0,1
65,1,1,0,1,0,0,1
78,1,2,0,0,0,1,1
76,1,3,1,0,0,0,1
95,2,3,0,0,1,0,1
90,1,2,0,0,0,1,1
82,1,2,0,0,0,1,1
117,2,3,0,0,1,0,1
58,1,2,0,0,1,0,1
69,1,2,0,0,1,0,1
107,2,2,0,0,0,1,1
57,1,2,1,0,0,0,1
60,1,3,0,0,1,0,1
50,1,1,0,0,1,0,1
85,1,3,0,0,1,0,1
53,1,1,0,1,0,0,1
56,1,1,1,0,0,0,1
72,1,2,0,0,0,1,1
89,2,3,0,0,1,0,1
75,1,2,0,0,1,0,1
116,2,3,0,0,1,0,1
116,2,3,0,0,1,0,1
116,2,3,0,0,1,0,1
47,1,1,0,0,1,0,1
97,2,2,0,0,1,0,1
68,1,2,0,0,1,0,1
60,1,2,0,0,1,0,1
125,2,3,0,0,1,0,1
71,1,1,0,0,0,1,1
111,2,2,0,0,1,0,1
86,1,2,0,0,0,1,1
86,1,2,0,0,1,0,1
104,2,2,0,0,0,1,1
74,1,1,0,0,0,0,1
116,2,3,0,0,1,0,1
78,1,2,0,0,1,0,1
113,2,3,0,0,1,0,1
68,1,2,0,0,1,0,1
56,1,2,1,0,0,0,1
70,1,2,0,0,0,1,1
60,1,2,0,0,1,0,1
89,1,2,0,0,0,1,1
97,2,3,0,0,1,0,1
89,1,1,0,1,0,0,1
51,1,1,0,0,1,0,0
107,1,1,0,0,1,0,1
85,1,2,0,0,1,0,0
50,1,1,1,0,0,0,1
86,2,4,0,0,1,0,1
54,1,2,1,0,0,0,1
60,1,2,0,0,1,0,1
125,2,3,0,0,1,0,1
67,1,2,0,0,0,1,1
59,1,2,1,0,0,0,1
89,1,2,0,0,0,1,1
85,2,2,0,0,0,1,1
56,1,1,1,0,0,0,1
39,1,1,0,0,1,0,1
105,2,2,0,0,0,1,1
77,1,3,0,0,0,1,1
95,2,3,0,0,1,0,1
75,1,2,0,0,1,0,1
90,2,3,0,0,1,0,1
60,1,2,1,0,0,0,1
102,2,3,0,0,1,0,1
72,1,2,0,0,1,0,1
73,1,3,1,0,0,0,1
90,1,3,0,0,0,1,1
78,1,2,0,0,1,0,1
79,2,3,0,0,1,0,1
76,1,2,0,0,0,1,1
100,2,3,0,0,1,0,1
85,2,3,0,0,0,1,1
106,1,2,0,0,0,1,1
121,2,3,0,0,1,0,1
91,1,2,0,0,1,0,0
110,2,3,0,0,0,1,1
80,1,2,0,0,1,0,0
140,2,3,0,0,1,0,1
67,1,2,0,0,0,1,1
90,2,2,0,0,0,1,1
65,1,1,0,0,0,1,1
117,2,3,0,0,1,0,1
48,1,3,1,0,0,0,1
80,1,2,0,0,0,1,1
160,2,2,0,0,1,0,1
84,1,2,0,0,0,1,1
67,1,4,1,0,0,0,1
72,1,2,0,0,0,1,1
60,1,2,0,0,0,1,1
31,1,1,0,0,0,0,1
72,1,2,0,0,0,1,1
62,1,2,0,1,0,0,1
74,1,2,0,0,0,1,1
72,1,2,0,0,1,0,1
44,1,1,0,1,0,0,0
78,1,2,0,0,1,0,1
119,2,3,0,0,1,0,1
31,1,1,0,0,0,0,1
141,2,3,0,0,1,0,1
67,1,3,1,0,0,0,1
75,1,2,0,0,0,1,1
66,1,2,0,0,1,0,1
66,1,2,0,0,1,0,1
73,1,2,0,0,1,0,1
99,1,2,0,0,1,0,1
97,1,2,0,0,0,1,1
24,1,1,1,0,0,0,1
125,2,2,0,0,0,1,1
35,1,1,1,0,0,0,1
35,1,1,1,0,0,0,1
35,1,1,1,0,0,0,1
35,1,1,1,0,0,0,1
35,1,1,1,0,0,0,1
150,1,3,0,0,0,1,1
54,1,3,1,0,0,0,1
71,1,2,0,0,1,0,1
73,1,2,0,0,1,0,1
41,1,2,1,0,0,0,1
56,1,1,0,0,0,1,1
50,1,2,1,0,0,0,1
106,2,4,0,0,1,0,1
77,1,2,1,0,0,0,1
60,1,3,1,0,0,0,1
47,1,1,0,0,0,1,1
84,1,2,0,0,1,0,1
112,2,3,0,0,1,0,1
73,1,2,0,0,0,1,1
82,1,3,0,0,1,0,1
94,2,3,0,0,1,0,1
72,1,2,0,0,1,0,1
131,4,3,0,0,0,1,1
60,1,2,1,0,0,0,1
105,2,4,0,0,1,0,1
70,1,2,0,0,1,0,1
90,2,2,0,0,1,0,1
43,1,2,1,0,0,0,1
30,1,1,1,0,0,0,1
134,1,1,0,0,1,0,1
82,1,3,0,0,1,0,1
82,1,2,0,0,1,0,1
53,1,1,1,0,0,0,1
52,1,1,1,0,0,0,1
36,1,1,1,0,0,0,1
63,1,2,0,0,1,0,1
76,1,1,0,0,1,0,1
93,1,2,1,0,0,0,1
87,1,2,0,0,1,0,1
98,2,3,0,0,1,0,1
65,1,2,1,0,0,0,1
70,1,2,0,0,0,1,1
76,1,2,0,0,1,0,1
106,1,2,0,0,0,1,1
88,1,2,0,0,1,0,1
50,1,1,1,0,0,0,1
70,1,4,1,0,0,0,1
58,1,2,0,0,1,0,0
88,1,3,0,0,0,1,1
150,4,5,0,0,1,0,1
119,2,2,0,0,0,1,1
105,2,3,0,0,0,1,1
72,1,2,0,0,1,0,1
50,1,1,0,0,0,1,1
49,2,3,1,0,0,0,1
108,2,4,1,0,0,0,1
60,1,2,1,0,0,0,1
70,1,2,1,0,0,0,1
100,1,2,0,0,0,1,1
38,1,1,1,0,0,0,1
97,2,3,0,0,1,0,1
35,1,1,1,0,0,0,1
69,1,3,1,0,0,0,1
78,2,3,0,0,1,0,1
89,1,2,0,0,0,1,1
35,1,1,1,0,0,0,1
62,1,2,0,0,0,1,1
86,1,3,0,0,1,0,1
132,2,2,0,0,0,1,1
72,1,2,1,0,0,0,1
58,2,1,1,0,0,0,1
76,1,2,0,0,0,1,1
70,1,2,0,0,1,0,1
65,2,2,0,0,1,0,1
58,1,1,0,0,1,0,0
126,1,1,0,0,1,0,1
40,1,1,1,0,0,0,1
61,1,2,0,0,1,0,1
85,1,2,0,0,0,1,1
50,1,2,0,0,1,0,1
55,1,1,0,0,1,0,1
78,1,3,0,0,1,0,1
26,1,1,1,0,0,0,1
95,1,2,0,0,1,0,1
57,1,1,0,0,0,1,1
67,1,2,0,0,0,1,1
111,2,3,0,0,1,0,1
63,1,5,1,0,0,0,1
96,2,3,0,0,1,0,1
98,1,2,0,0,1,0,1
60,1,2,0,1,0,0,0
120,2,4,0,0,1,0,1
56,1,2,1,0,0,0,1
144,2,3,0,0,1,0,1
89,2,3,0,0,1,0,1
48,1,1,0,0,1,0,1
74,1,2,0,0,0,1,1
86,1,1,0,0,1,0,1
86,1,1,0,0,1,0,1
90,1,2,0,0,1,0,1
60,1,1,1,0,0,0,1
89,2,3,0,0,0,1,1
45,2,3,0,0,1,0,1
34,1,1,0,1,0,0,1
67,1,2,0,0,0,0,1
112,2,3,0,0,0,1,1
119,1,1,0,0,1,0,0
80,1,2,0,0,0,1,1
122,2,3,0,0,1,0,1
71,1,1,1,0,0,0,1
42,1,1,1,0,0,0,1
110,2,3,0,0,0,1,1
118,2,3,0,0,1,0,1
51,1,1,0,0,0,1,1
50,1,1,1,0,0,0,1
58,1,2,0,0,1,0,1
73,1,2,0,0,0,1,1
62,1,3,1,0,0,0,1
70,1,2,0,0,1,0,1
55,1,2,0,0,1,0,1
175,1,2,0,0,0,0,1
74,1,3,0,0,1,0,1
33,1,1,1,0,0,0,1
67,1,2,0,0,0,1,1
100,1,2,0,0,0,1,1
60,1,2,0,0,1,0,1
41,1,1,0,0,1,0,1
66,1,2,1,0,0,0,1
93,1,2,0,0,0,1,1
112,2,3,0,0,0,1,1
96,2,3,0,0,0,1,1
80,1,3,0,0,0,1,1
63,1,2,0,0,0,1,1
70,1,2,0,0,1,0,0
64,1,2,0,0,1,0,1
52,1,1,1,0,0,0,1
90,2,3,0,0,0,1,1
56,1,2,0,0,1,0,1
50,1,1,0,0,1,0,1
60,1,2,1,0,0,0,1
80,2,3,0,1,0,0,1
79,1,2,0,0,0,1,1
75,2,3,0,0,1,0,1
67,1,2,0,1,0,0,1
95,2,3,0,0,0,1,1
121,2,3,0,0,0,1,1
50,1,1,1,0,0,0,1
46,1,1,0,0,0,1,1
104,2,4,0,0,1,0,1
86,2,3,0,0,1,0,1
52,2,1,0,0,1,0,1
113,2,3,0,0,1,0,1
87,1,2,0,0,1,0,1
80,1,3,1,0,0,0,1
70,1,2,0,0,0,0,1
80,1,2,0,0,0,1,1
79,1,2,0,0,1,0,1
49,1,1,0,0,1,0,1
145,1,2,0,0,1,0,1
84,1,3,0,0,1,0,1
94,2,3,0,0,1,0,1
74,1,2,0,0,0,1,1
84,1,3,0,0,0,1,1
87,2,3,0,1,0,0,1
50,1,1,1,0,0,0,1
83,1,3,1,0,0,0,1
75,1,3,0,0,0,1,1
48,1,1,1,0,0,0,1
50,1,2,0,0,1,0,1
111,2,3,0,0,0,1,1
63,1,1,0,0,0,0,1
92,1,2,0,0,0,1,1
74,1,2,1,0,0,0,1
136,1,2,0,0,1,0,1
42,1,1,1,0,0,0,1
89,2,3,0,0,1,0,1
107,2,4,0,0,0,1,1
86,1,3,0,0,0,0,1
92,2,3,0,0,0,1,1
117,2,3,0,0,0,1,1
73,1,3,1,0,0,0,1
111,2,3,0,0,1,0,1
64,1,2,0,0,0,1,1
63,1,2,0,0,1,0,0
67,1,2,0,1,0,0,1
58,1,1,0,1,0,0,0
17,1,1,1,0,0,0,1
73,1,1,0,0,0,1,1
48,1,1,1,0,0,0,1
105,2,3,0,0,1,0,1
103,2,3,0,0,1,0,1
86,1,2,0,0,1,0,1
102,2,3,0,1,0,0,1
70,1,2,0,0,0,1,1
55,1,2,1,0,0,0,1
86,1,2,0,0,0,1,1
52,1,2,0,1,0,0,1
111,2,3,0,0,1,0,1
122,2,3,0,0,0,1,1
68,1,2,0,0,0,0,1
100,1,3,0,0,1,0,1
55,1,1,0,0,1,0,1
55,1,1,1,0,0,0,1
50,1,2,0,0,1,0,1
86,1,3,0,0,1,0,1
100,1,2,0,0,0,1,1
69,1,2,0,1,0,0,1
78,1,2,0,1,0,0,1
52,1,2,0,1,0,0,1
58,1,2,1,0,0,0,1
50,1,2,1,0,0,0,1
60,1,2,0,0,1,0,1
85,2,3,0,0,0,1,1
59,1,2,0,0,1,0,1
34,1,1,1,0,0,0,1
76,1,2,0,0,1,0,1
77,1,3,0,0,1,0,1
70,1,2,0,0,0,1,1
96,2,1,0,0,1,0,1
90,1,3,0,0,0,1,1
101,2,3,0,0,1,0,1
177,3,4,0,0,1,0,1
82,1,3,0,0,1,0,1
82,4,3,0,0,1,0,1
82,2,3,0,0,1,0,1
84,3,3,0,0,1,0,1
52,1,2,0,0,1,0,1
69,1,2,0,0,0,1,1
136,4,3,0,0,1,0,1
82,1,2,0,0,0,1,1
90,1,2,0,0,0,1,1
94,1,2,0,0,0,1,1
98,2,3,0,0,1,0,1
50,1,2,1,0,0,0,1
81,1,2,0,0,1,0,0
71,1,2,0,0,0,1,1
107,2,3,0,0,1,0,1
45,1,1,1,0,0,0,0
94,2,3,0,0,1,0,1
63,1,2,0,0,0,1,0
58,1,2,1,0,0,0,1
61,1,2,0,0,1,0,1
97,2,2,0,0,0,1,1
72,1,2,0,1,0,0,1
34,1,1,1,0,0,0,1
65,1,1,1,0,0,0,1
190,1,1,0,0,0,1,1
82,1,1,0,0,0,1,1
106,2,3,0,0,1,0,1
58,1,2,0,0,1,0,1
53,1,1,1,0,0,0,1
86,2,2,1,0,0,0,1
89,2,2,0,0,0,1,1
105,1,2,0,0,0,1,1
70,1,3,1,0,0,0,1
90,2,1,0,0,1,0,0
33,1,1,1,0,0,0,1
94,2,3,0,1,0,0,1
60,1,2,1,0,0,0,1
58,1,2,1,0,0,0,1
89,1,2,1,0,0,0,1
83,1,2,0,0,0,1,1
74,2,3,0,0,1,0,1
103,1,3,0,0,1,0,1
83,2,3,0,0,1,0,1
70,1,2,0,0,1,0,1
109,2,3,0,0,1,0,1
105,2,2,0,0,0,1,1
74,1,2,1,0,0,0,1
68,1,1,0,0,1,0,1
70,1,2,0,0,0,0,1
125,1,3,0,0,1,0,1
64,1,2,0,0,1,0,1
66,1,2,0,0,1,0,1
74,1,2,0,0,0,1,1
84,1,2,1,0,0,0,1
57,1,2,0,0,0,1,1
97,1,3,0,0,1,0,0
35,1,2,1,0,0,0,0
81,1,2,0,0,1,0,1
76,1,2,0,0,1,0,1
78,1,2,0,0,1,0,1
44,1,1,0,0,0,1,1
47,1,1,1,0,0,0,1
30,1,1,1,0,0,0,1
30,1,1,1,0,0,0,1
48,1,2,1,0,0,0,1
62,1,2,1,0,0,0,1
102,2,3,0,0,0,1,1
41,1,2,1,0,0,0,1
59,1,2,1,0,0,0,1
89,1,2,0,0,0,1,1
63,1,2,0,0,0,1,1
76,1,3,0,0,0,1,1
51,1,1,0,0,1,0,1
51,1,2,1,0,0,0,1
90,2,2,0,1,0,0,1
64,1,1,0,0,1,0,0
112,1,3,0,0,1,0,1
62,1,2,1,0,0,0,1
118,2,3,0,0,1,0,1
72,1,1,0,0,0,1,1
32,1,1,1,0,0,0,1
29,1,1,1,0,0,0,1
59,1,2,0,1,0,0,1
59,1,2,0,1,0,0,1
45,1,2,0,1,0,0,1
45,1,2,0,1,0,0,1
45,1,2,0,1,0,0,1
45,1,2,0,1,0,0,1
45,1,2,0,1,0,0,1
45,1,2,0,1,0,0,1
45,1,2,0,1,0,0,1
68,2,3,1,0,0,0,1
45,1,2,1,0,0,0,1
29,1,1,1,0,0,0,1
56,1,2,1,0,0,0,1
61,1,2,0,0,1,0,1
132,1,2,0,0,1,0,1
46,1,1,0,0,1,0,1
119,2,3,0,0,1,0,1
73,1,2,0,0,1,0,1
88,1,2,1,0,0,0,1
64,1,2,0,0,1,0,1
76,1,2,0,0,0,1,1
79,2,3,0,0,0,1,1
80,1,2,0,0,1,0,0
90,1,3,1,0,0,0,1
96,2,3,0,0,1,0,1
61,1,2,1,0,0,0,1
63,1,2,1,0,0,0,1
57,1,2,1,0,0,0,1
78,1,3,1,0,0,0,1
58,1,2,1,0,0,0,1
97,2,3,0,0,0,1,1
41,1,1,1,0,0,0,1
79,1,2,0,0,1,0,1
70,1,2,0,0,1,0,1
77,2,3,0,0,1,0,1
76,1,3,0,0,1,0,0
86,1,2,0,0,1,0,0
73,1,2,1,0,0,0,1
61,1,2,0,0,1,0,1
77,1,3,1,0,0,0,1
115,2,3,0,0,1,0,1
74,1,2,0,0,0,1,1
43,1,2,1,0,0,0,1
82,1,2,0,0,0,1,1
260,1,3,0,0,1,0,1
79,1,2,0,0,1,0,1
86,1,2,0,0,1,0,1
80,2,3,0,1,0,0,1
80,1,2,0,0,0,1,1
84,1,1,1,0,0,0,1
61,1,2,0,0,1,0,1
91,1,2,0,0,0,1,1
63,1,2,0,0,1,0,1
58,1,2,0,0,1,0,1
69,1,2,0,0,1,0,1
65,1,2,0,0,0,1,1
43,1,1,1,0,0,0,1
44,1,1,1,0,0,0,1
44,1,1,1,0,0,0,1
72,1,2,0,0,1,0,1
55,1,1,1,0,0,0,1
92,2,2,0,0,1,0,1
35,1,1,1,0,0,0,1
45,1,1,1,0,0,0,1
48,1,1,1,0,0,0,1
99,2,3,0,0,1,0,1
50,1,2,1,0,0,0,1
66,1,2,0,0,0,1,1
74,1,2,0,0,0,1,1
90,2,3,0,1,0,0,1
40,1,1,1,0,0,0,1
69,1,2,0,0,1,0,1
134,2,2,0,0,0,1,1
42,1,1,0,0,0,1,1
66,1,2,1,0,0,0,1
132,3,3,0,0,1,0,1
85,2,2,0,0,1,0,1
46,1,1,0,0,1,0,1
30,1,1,1,0,0,0,1
70,1,2,0,0,0,1,1
48,1,1,1,0,0,0,1
60,1,1,1,0,0,0,1
56,1,1,0,0,1,0,1
40,1,1,1,0,0,0,1
83,2,2,0,1,0,0,1
93,1,2,0,0,0,1,1
80,1,2,0,0,0,0,1
150,2,3,0,0,1,0,1
102,2,4,1,0,0,0,1
86,1,2,0,0,0,1,1
41,1,1,0,0,1,0,1
32,1,1,1,0,0,0,1
65,1,3,0,0,0,1,1
59,1,1,0,0,1,0,1
77,1,2,0,0,0,1,1
42,1,1,1,0,0,0,0
45,1,1,1,0,0,0,1
70,1,1,0,0,0,1,1
57,1,2,0,0,1,0,0
110,2,2,0,0,0,1,1
90,3,2,0,0,0,1,1
86,1,2,0,0,1,0,1
68,1,2,1,0,0,0,1
56,1,2,1,0,0,0,1
116,2,3,0,0,1,0,1
45,1,1,1,0,0,0,1
83,1,2,0,0,0,1,1
60,1,1,0,0,1,0,0
82,1,2,0,0,1,0,0
40,1,1,0,0,1,0,1
77,2,2,0,1,0,0,1
35,1,1,1,0,0,0,1
78,1,2,0,0,0,1,1
75,1,1,0,0,1,0,1
54,1,2,1,0,0,0,1
87,1,2,0,0,1,0,1
83,1,3,1,0,0,0,1
31,1,1,0,0,1,0,1
62,1,2,1,0,0,0,1
45,1,1,1,0,0,0,1
45,1,1,1,0,0,0,1
78,1,2,0,0,1,0,1
55,1,1,0,0,0,1,1
85,1,2,0,0,1,0,1
94,2,2,0,1,0,0,1
96,1,3,0,1,0,0,1
71,2,2,0,0,1,0,1
58,1,1,1,0,0,0,1
60,1,1,0,0,1,0,1
94,2,3,0,0,1,0,1
75,1,2,0,0,0,1,1
74,1,2,1,0,0,0,1
88,1,2,0,0,1,0,1
40,1,1,1,0,0,0,1
89,1,2,0,0,1,0,1
45,1,1,1,0,0,0,1
86,1,3,1,0,0,0,1
90,2,2,0,0,0,1,1
70,1,2,0,0,1,0,1
56,1,2,1,0,0,0,1
35,1,1,1,0,0,0,1
48,1,1,0,0,1,0,1
69,1,2,0,0,1,0,1
69,1,2,0,0,1,0,1
51,1,2,1,0,0,0,1
46,1,1,1,0,0,0,1
73,1,2,0,0,1,0,1
90,1,1,0,0,1,0,1
90,1,1,0,0,1,0,1
104,2,2,0,0,1,0,1
76,1,1,0,0,0,0,1
28,1,1,1,0,0,0,1
84,2,3,0,0,0,1,1
54,1,3,1,0,0,0,1
66,2,3,0,0,1,0,1
74,1,2,0,1,0,0,1
72,1,2,0,0,1,0,1
167,2,3,0,0,1,0,1
99,2,3,0,0,1,0,1
72,1,2,0,1,0,0,0
45,1,1,1,0,0,0,1
66,1,3,1,0,0,0,1
89,1,2,0,0,1,0,0
81,1,4,1,0,0,0,1
55,1,1,1,0,0,0,1
81,1,2,0,0,1,0,1
72,1,2,0,0,0,1,1
33,1,1,1,0,0,0,1
23,1,1,1,0,0,0,1
38,1,1,1,0,0,0,1
43,1,1,1,0,0,0,1
47,1,1,1,0,0,0,1
115,2,2,1,0,0,0,1
76,2,3,1,0,0,0,1
70,1,2,1,0,0,0,1
44,1,2,1,0,0,0,1
125,2,2,0,0,1,0,1
62,1,2,0,0,1,0,1
89,2,3,0,0,0,1,1
22,1,1,1,0,0,0,1
73,1,2,1,0,0,0,1
80,1,2,1,0,0,0,1
66,1,2,0,0,1,0,1
70,1,3,1,0,0,0,1
55,1,2,1,0,0,0,1
73,1,2,0,0,1,0,1
34,1,1,1,0,0,0,0
51,1,1,1,0,0,0,1
47,1,1,1,0,0,0,1
25,1,1,1,0,0,0,1
64,2,2,1,0,0,0,1
45,1,2,0,1,0,0,1
60,1,1,0,0,1,0,1
60,1,1,1,0,0,0,1
38,1,1,1,0,0,0,1
47,1,1,1,0,0,0,1
105,2,4,1,0,0,0,1
77,1,1,1,0,0,0,1
90,1,2,1,0,0,0,1
41,1,1,1,0,0,0,1
24,1,1,1,0,0,0,1
74,1,2,0,0,1,0,1
32,1,1,1,0,0,0,1
32,1,1,1,0,0,0,1
20,1,1,1,0,0,0,1
57,1,2,0,0,0,1,1
140,2,3,0,0,0,1,1
110,1,3,1,0,0,0,1
56,1,1,0,1,0,0,0
110,2,2,0,0,0,0,1
75,1,2,1,0,0,0,0
113,2,3,0,0,1,0,0
70,1,2,1,0,0,0,1
85,1,2,1,0,0,0,0
71,1,1,1,0,0,0,0
71,1,1,1,0,0,0,0
66,1,1,1,0,0,0,0
66,1,1,1,0,0,0,0
73,1,1,1,0,0,0,0
67,1,1,1,0,0,0,0
67,1,1,1,0,0,0,0
133,2,3,0,0,0,1,1
78,1,2,1,0,0,0,1
112,2,3,0,1,0,0,0
106,2,3,0,1,0,0,0
49,1,1,1,0,0,0,1
111,2,3,0,1,0,0,1
65,1,2,1,0,0,0,0
168,3,2,0,0,0,0,1
84,2,2,0,0,1,0,0
69,1,2,1,0,0,0,1
175,3,5,0,1,0,0,0
83,1,2,0,0,0,0,1
105,1,2,1,0,0,0,0
135,1,5,1,0,0,0,0
81,2,3,1,0,0,0,0
120,2,4,1,0,0,0,0
78,1,2,1,0,0,0,0
142,2,4,0,0,0,1,1
92,2,2,1,0,0,0,1
170,3,4,0,0,1,0,0
147,2,3,0,0,1,0,1
111,1,3,0,1,0,0,0
140,2,3,0,1,0,0,1
74,1,1,1,0,0,0,0
81,1,2,1,0,0,0,1
102,2,2,0,0,1,0,0
142,2,3,1,0,0,0,0
91,2,2,0,0,0,0,0
81,1,3,1,0,0,0,1
111,1,2,0,1,0,0,1
138,2,2,0,0,1,0,0
114,2,3,0,0,1,0,0
156,2,3,0,0,1,0,0
100,2,2,0,0,1,0,0
70,1,1,1,0,0,0,0
91,1,2,1,0,0,0,0
82,1,2,1,0,0,0,0
172,3,5,0,0,0,1,1
155,2,3,0,0,1,0,0
113,2,3,0,0,0,0,0
84,1,3,1,0,0,0,1
84,1,2,1,0,0,0,0
59,1,1,1,0,0,0,0
157,3,4,0,0,0,1,1
90,2,3,1,0,0,0,0
78,1,2,1,0,0,0,1
91,1,3,1,0,0,0,1
132,2,3,0,0,1,0,0
52,1,2,1,0,0,0,0
152,2,2,0,0,0,1,0
90,2,3,1,0,0,0,0
98,2,2,1,0,0,0,0
133,2,3,1,0,0,0,0
88,1,2,1,0,0,0,1
79,1,2,1,0,0,0,0
98,1,2,0,0,0,0,1
90,2,3,1,0,0,0,1
51,1,1,0,0,0,0,0
136,3,4,0,0,1,0,1
117,2,3,0,0,1,0,0
86,2,3,1,0,0,0,0
71,1,1,1,0,0,0,0
77,1,2,1,0,0,0,0
125,3,4,1,0,0,0,0
97,2,2,0,0,1,0,0
135,2,2,1,0,0,0,0
102,2,3,1,0,0,0,1
108,2,2,0,0,0,0,0
96,2,3,0,1,0,0,0
86,2,2,0,0,0,0,0
255,3,2,0,0,0,0,1
123,4,2,1,0,0,0,1
72,1,3,1,0,0,0,0
108,1,3,1,0,0,0,0
68,2,3,1,0,0,0,0
116,2,3,0,0,1,0,0
116,2,3,0,0,1,0,0
96,2,2,0,0,1,0,0
96,2,2,0,0,1,0,0
142,2,2,0,0,1,0,0
69,1,2,1,0,0,0,0
82,1,2,1,0,0,0,1
115,2,4,0,0,1,0,1
127,1,2,1,0,0,0,0
50,1,1,1,0,0,0,0
130,2,3,0,0,1,0,0
110,2,3,0,0,0,0,1
79,1,2,0,0,0,0,0
95,1,2,0,0,1,0,0
137,2,5,0,1,0,0,0
172,2,4,0,0,0,1,1
63,2,2,1,0,0,0,1
152,2,2,0,0,0,1,0
88,1,2,1,0,0,0,0
99,2,3,0,0,0,0,1
121,2,2,0,0,1,0,0
97,2,2,0,0,1,0,0
128,3,2,0,0,1,0,0
128,3,2,0,0,1,0,0
96,2,3,0,0,0,1,0
120,1,2,0,0,0,0,1
80,1,2,1,0,0,0,0
47,1,1,1,0,0,0,1
88,1,2,0,1,0,0,0
153,2,5,0,0,0,1,1
92,2,1,1,0,0,0,0
106,2,2,0,0,0,1,1
113,2,2,0,0,1,0,0
115,2,3,0,0,1,0,1
79,1,2,0,1,0,0,0
69,1,1,1,0,0,0,0
101,2,3,1,0,0,0,0
126,2,3,1,0,0,0,0
63,1,2,1,0,0,0,0
127,3,3,0,0,0,0,0
102,2,3,0,0,0,0,1
76,1,2,1,0,0,0,0
72,1,3,1,0,0,0,0
54,1,3,1,0,0,0,0
65,1,1,1,0,0,0,0
72,1,2,0,1,0,0,0
102,2,2,1,0,0,0,0
116,2,5,1,0,0,0,0
40,1,1,1,0,0,0,0
58,1,1,1,0,0,0,1
72,1,1,1,0,0,0,0
170,1,4,1,0,0,0,0
80,1,2,0,1,0,0,0
129,2,4,0,0,0,1,1
72,1,2,1,0,0,0,1
85,1,2,1,0,0,0,0
99,1,3,1,0,0,0,0
106,2,3,0,1,0,0,0
148,3,4,0,0,1,0,0
94,2,2,0,0,1,0,0
49,1,1,1,0,0,0,0
51,1,1,1,0,0,0,0
91,2,2,1,0,0,0,0
125,2,3,1,0,0,0,0
82,1,2,1,0,0,0,1
82,1,2,1,0,0,0,1
82,1,2,1,0,0,0,1
84,2,2,0,0,1,0,0
90,2,2,0,0,1,0,0
109,2,3,0,0,1,0,0
90,2,2,0,0,1,0,0
109,2,3,0,0,1,0,0
90,2,2,0,0,1,0,0
109,2,3,0,0,1,0,0
90,2,2,0,0,1,0,0
109,2,3,0,0,1,0,0
84,2,2,0,0,1,0,0
84,2,2,0,0,1,0,0
90,2,2,0,0,1,0,0
109,2,3,0,0,1,0,0
109,2,3,0,0,1,0,0
90,2,2,0,0,1,0,0
101,2,3,1,0,0,0,0
81,2,2,0,0,1,0,0
111,1,3,0,1,0,0,0
101,2,2,0,0,1,0,0
153,3,3,0,0,0,1,0
88,1,2,1,0,0,0,1
83,2,2,0,1,0,0,0
106,2,3,0,1,0,0,0
120,2,3,1,0,0,0,0
105,2,2,0,0,1,0,0
143,3,3,0,0,1,0,1
113,2,3,1,0,0,0,0
68,1,4,1,0,0,0,0
143,2,3,0,0,1,0,0
88,2,3,1,0,0,0,0
158,2,3,0,0,0,0,1
66,1,2,1,0,0,0,1
94,2,3,1,0,0,0,0
75,2,2,1,0,0,0,0
66,1,1,1,0,0,0,0
103,2,3,0,0,1,0,1
84,1,3,1,0,0,0,1
115,2,4,1,0,0,0,1
94,2,3,0,0,1,0,1
126,2,4,1,0,0,0,1
70,2,2,1,0,0,0,1
80,4,3,1,0,0,0,1
135,2,3,0,1,0,0,0
140,3,3,0,0,1,0,0
136,2,4,0,1,0,0,0
85,2,3,1,0,0,0,1
139,2,3,0,0,1,0,0
126,3,3,0,0,1,0,0
126,3,3,0,0,1,0,0
126,3,3,0,0,1,0,0
113,2,3,1,0,0,0,0
104,2,4,0,1,0,0,0
45,1,1,0,0,0,0,0
80,2,3,0,0,0,0,0
76,1,1,0,0,1,0,0
58,1,2,1,0,0,0,1
68,1,2,1,0,0,0,1
87,3,2,0,0,0,0,0
98,2,2,0,1,0,0,1
140,1,3,1,0,0,0,0
80,1,2,1,0,0,0,1
86,2,3,0,1,0,0,1
90,1,3,0,0,0,0,0
149,1,3,0,0,1,0,0
88,2,3,0,0,1,0,1
142,2,3,0,0,1,0,1
100,2,2,0,0,1,0,1
145,2,3,0,1,0,0,0
100,2,3,1,0,0,0,1
72,2,2,1,0,0,0,0
95,1,2,0,1,0,0,0
101,2,2,1,0,0,0,0
89,1,2,0,1,0,0,0
153,2,3,0,0,1,0,0
131,2,3,1,0,0,0,0
81,1,2,0,0,0,0,1
115,2,3,0,0,1,0,0
110,1,2,1,0,0,0,0
110,1,2,1,0,0,0,0
77,1,2,0,1,0,0,0
96,2,3,1,0,0,0,0
130,2,4,0,0,1,0,1
125,2,3,1,0,0,0,0
88,2,3,1,0,0,0,1
99,2,3,1,0,0,0,0
123,2,3,0,0,1,0,1
126,2,3,0,0,1,0,1
74,1,2,0,1,0,0,0
82,1,2,1,0,0,0,0
89,2,2,1,0,0,0,0
115,2,2,0,1,0,0,0
137,2,3,0,1,0,0,0
123,2,3,0,0,1,0,0
50,1,2,1,0,0,0,0
65,1,2,0,0,0,0,1
72,2,3,1,0,0,0,1
62,1,2,1,0,0,0,1
104,2,3,0,0,0,0,0
78,1,2,1,0,0,0,0
121,2,2,0,0,1,0,0
86,1,2,1,0,0,0,1
187,3,4,0,1,0,0,1
75,3,3,1,0,0,0,1
75,3,3,1,0,0,0,1
75,3,3,1,0,0,0,1
114,2,3,0,0,1,0,1
132,2,3,0,1,0,0,0
119,4,3,0,1,0,0,0
149,2,3,0,0,0,0,1
82,2,1,1,0,0,0,0
54,2,2,1,0,0,0,0
86,2,1,1,0,0,0,0
81,1,2,1,0,0,0,1
115,2,4,1,0,0,0,0
140,2,3,0,0,1,0,1
88,1,1,0,0,0,0,0
185,4,4,0,0,1,0,1
44,1,2,0,0,0,0,0
98,2,2,1,0,0,0,0
66,1,2,1,0,0,0,0
150,2,4,0,0,0,1,1
90,3,3,0,0,1,0,0
86,2,3,0,0,0,0,1
68,1,3,1,0,0,0,1
95,1,4,0,0,0,0,0
91,4,2,0,0,0,0,1
67,1,1,0,0,1,0,0
90,1,3,0,1,0,0,0
70,1,1,1,0,0,0,1
111,2,3,0,0,1,0,0
154,2,3,0,0,1,0,0
143,2,3,0,0,1,0,0
94,1,2,0,0,1,0,0
140,2,3,0,0,1,0,0
94,2,3,0,0,1,0,0
105,1,2,0,1,0,0,0
156,2,3,0,0,0,1,1
85,1,2,1,0,0,0,0
79,2,3,0,0,1,0,0
93,2,2,0,0,1,0,0
75,1,2,1,0,0,0,1
90,1,1,1,0,0,0,0
106,3,2,1,0,0,0,0
136,2,2,0,0,1,0,0
100,2,3,0,0,0,0,1
61,1,2,1,0,0,0,0
110,2,3,0,0,1,0,0
129,2,3,0,0,1,0,1
129,2,4,0,0,1,0,0
85,2,3,1,0,0,0,0
190,2,4,1,0,0,0,0
92,2,2,1,0,0,0,0
113,2,3,0,0,1,0,0
129,2,3,1,0,0,0,1
119,2,3,1,0,0,0,1
153,2,3,0,0,1,0,0
87,2,3,0,0,1,0,0
120,2,3,0,1,0,0,0
172,2,4,0,1,0,0,0
73,1,1,1,0,0,0,1
104,2,2,0,0,1,0,0
68,2,2,0,0,0,1,0
110,2,3,0,0,1,0,1
95,2,3,1,0,0,0,0
75,1,1,0,0,1,0,0
115,2,2,0,0,1,0,0
81,2,4,1,0,0,0,0
88,1,1,1,0,0,0,1
115,2,3,0,0,1,0,1
101,2,3,1,0,0,0,0
92,2,2,1,0,0,0,0
95,2,2,1,0,0,0,0
71,1,2,1,0,0,0,1
94,2,3,0,0,1,0,0
171,3,4,0,0,1,0,0
95,2,2,0,1,0,0,1
63,2,2,0,0,1,0,0
105,2,2,0,0,1,0,0
128,1,2,0,0,1,0,0
85,1,3,1,0,0,0,0
70,2,1,0,0,0,0,0
100,1,2,1,0,0,0,0
158,2,3,0,0,0,1,1
94,1,3,1,0,0,0,1
75,1,2,1,0,0,0,0
92,2,2,1,0,0,0,1
156,2,4,0,0,1,0,1
125,2,3,0,0,1,0,0
156,2,3,0,0,0,1,0
75,2,3,1,0,0,0,0
107,2,3,0,0,0,1,1
108,1,1,1,0,0,0,1
95,2,2,1,0,0,0,0
96,2,2,0,1,0,0,1
77,1,2,1,0,0,0,0
100,1,1,1,0,0,0,0
125,2,4,0,0,1,0,0
160,2,4,0,0,1,0,1
53,1,1,1,0,0,0,0
156,3,4,0,0,1,0,0
66,1,1,1,0,0,0,0
108,2,2,0,1,0,0,0
62,1,2,1,0,0,0,0
143,2,3,0,0,0,0,1
165,2,3,0,0,1,0,1
100,2,2,0,1,0,0,0
181,3,4,0,0,1,0,0
93,1,2,1,0,0,0,1
122,2,3,1,0,0,0,0
80,2,2,1,0,0,0,1
65,1,2,1,0,0,0,0
65,1,2,1,0,0,0,0
73,1,2,1,0,0,0,0
115,2,2,0,0,0,0,0
167,2,4,1,0,0,0,1
101,2,3,0,0,1,0,0
142,2,4,1,0,0,0,0
40,1,2,1,0,0,0,0
50,1,1,1,0,0,0,0
48,1,1,1,0,0,0,0
50,1,1,1,0,0,0,0
115,1,3,0,1,0,0,0
88,2,3,1,0,0,0,0
109,2,2,0,0,1,0,0
60,1,1,1,0,0,0,0
63,1,2,1,0,0,0,0
100,1,3,1,0,0,0,1
112,2,3,0,0,0,0,1
137,2,3,0,0,1,0,1
143,2,3,0,0,1,0,1
90,1,2,0,0,1,0,0
98,2,3,1,0,0,0,1
97,2,3,0,0,1,0,1
72,1,2,0,0,0,0,0
146,2,3,0,0,1,0,1
43,1,1,1,0,0,0,0
135,3,3,0,0,1,0,0
64,1,1,1,0,0,0,0
52,1,1,1,0,0,0,0
52,1,1,1,0,0,0,0
52,1,1,1,0,0,0,0
52,1,1,1,0,0,0,0
52,1,1,1,0,0,0,0
52,1,1,1,0,0,0,0
98,2,3,0,1,0,0,0
85,1,2,0,0,0,0,0
81,1,2,1,0,0,0,0
125,2,3,0,1,0,0,0
139,2,3,0,0,0,0,0
41,1,2,1,0,0,0,0
83,1,2,1,0,0,0,0
107,2,2,0,0,1,0,0
46,1,1,1,0,0,0,0
77,1,2,0,0,0,0,1
78,1,2,1,0,0,0,0
121,2,3,0,0,0,1,1
113,1,2,1,0,0,0,0
182,3,4,0,0,1,0,1
66,1,2,0,1,0,0,0
72,1,2,1,0,0,0,1
92,2,3,1,0,0,0,1
69,1,2,1,0,0,0,1
98,2,3,0,0,0,0,0
109,2,3,0,0,0,0,0
128,3,3,1,0,0,0,0
122,2,2,0,0,1,0,1
80,2,2,1,0,0,0,1
80,2,2,1,0,0,0,0
70,2,2,1,0,0,0,0
63,2,2,1,0,0,0,1
88,1,1,1,0,0,0,1
75,2,2,1,0,0,0,0
89,1,2,1,0,0,0,0
103,2,3,0,0,0,0,0
127,2,3,0,0,1,0,0
91,2,3,0,0,0,0,1
116,2,5,1,0,0,0,1
91,2,3,0,0,0,0,1
130,2,3,0,0,1,0,0
217,1,2,1,0,0,0,0
156,3,3,0,0,0,1,0
121,2,3,0,0,1,0,0
116,2,3,0,0,1,0,0
140,2,3,0,0,1,0,0
95,2,2,0,0,1,0,0
140,2,3,0,0,1,0,0
92,2,2,0,0,1,0,0
95,2,2,0,0,1,0,0
140,2,3,0,0,1,0,0
95,2,2,0,0,1,0,0
91,2,2,0,0,1,0,0
140,2,3,0,0,1,0,0
95,2,2,0,0,1,0,0
91,2,2,0,0,1,0,0
163,3,4,0,0,1,0,0
164,3,4,0,0,1,0,0
122,2,3,0,0,1,0,0
55,1,2,1,0,0,0,0
142,2,3,0,1,0,0,0
139,2,3,0,0,0,1,1
100,1,3,0,1,0,0,1
113,2,4,1,0,0,0,0
92,1,3,1,0,0,0,0
125,2,3,0,0,1,0,0
92,2,2,0,0,1,0,0
167,2,3,1,0,0,0,0
72,1,2,1,0,0,0,0
99,2,2,1,0,0,0,0
125,2,4,1,0,0,0,0
107,2,3,0,1,0,0,1
130,2,3,0,0,1,0,1
123,2,3,0,0,0,1,1
103,2,3,0,0,0,0,0
96,2,2,0,0,1,0,0
124,2,4,1,0,0,0,0
61,2,1,1,0,0,0,1
59,2,1,1,0,0,0,0
99,2,2,1,0,0,0,0
128,2,3,0,0,1,0,0
99,2,2,0,0,1,0,0
99,2,2,0,0,1,0,0
128,2,3,0,0,1,0,0
99,2,2,0,0,1,0,0
128,2,3,0,0,1,0,0
99,2,2,0,0,1,0,0
128,2,3,0,0,1,0,0
99,2,2,0,0,1,0,0
128,2,3,0,0,1,0,0
99,2,2,0,0,1,0,0
128,2,3,0,0,1,0,0
99,2,2,0,0,1,0,0
108,2,2,0,0,1,0,1
99,2,2,0,0,1,0,0
92,2,3,1,0,0,0,0
105,2,2,0,0,1,0,0
54,1,1,1,0,0,0,0
72,1,2,0,1,0,0,0
75,1,2,0,1,0,0,0
83,1,1,1,0,0,0,0
119,2,3,1,0,0,0,0
140,2,3,0,0,0,0,1
112,2,3,0,0,1,0,0
113,2,3,0,0,1,0,0
89,1,2,0,1,0,0,0
92,1,2,1,0,0,0,0
89,2,2,0,0,0,0,0
145,3,4,0,0,1,0,0
99,2,3,1,0,0,0,1
99,2,2,0,0,0,1,0
90,2,2,0,0,0,0,1
111,2,3,1,0,0,0,1
136,2,3,0,0,1,0,0
103,3,2,0,1,0,0,0
175,2,3,0,0,1,0,0
115,2,2,1,0,0,0,1
60,1,1,0,0,0,0,1
98,2,3,0,0,1,0,0
145,2,3,0,0,1,0,1
143,3,3,0,0,1,0,0
126,2,2,0,0,1,0,0
143,3,3,0,0,1,0,0
126,2,2,0,0,1,0,0
143,3,3,0,0,1,0,0
126,2,2,0,0,1,0,0
143,3,3,0,0,1,0,0
143,3,3,0,0,1,0,0
143,3,3,0,0,1,0,0
126,2,2,0,0,1,0,0
143,3,3,0,0,1,0,0
143,3,3,0,0,1,0,0
143,3,3,0,0,1,0,0
126,2,2,0,0,1,0,0
143,3,3,0,0,1,0,0
143,3,3,0,0,1,0,0
143,3,3,0,0,1,0,0
143,3,3,0,0,1,0,0
143,3,3,0,0,1,0,0
143,3,3,0,0,1,0,0
63,1,3,1,0,0,0,1
72,2,2,1,0,0,0,0
54,1,1,1,0,0,0,0
70,1,1,1,0,0,0,0
86,2,3,1,0,0,0,1
70,1,2,1,0,0,0,0
105,2,4,1,0,0,0,0
155,3,3,0,0,0,1,1
81,1,1,0,1,0,0,0
97,2,3,0,0,1,0,0
50,1,1,1,0,0,0,0
92,2,2,1,0,0,0,0
105,2,2,1,0,0,0,0
98,1,2,1,0,0,0,0
113,2,3,0,0,1,0,0
95,1,2,1,0,0,0,1
98,3,3,1,0,0,0,1
56,1,1,1,0,0,0,0
101,2,3,0,1,0,0,1
62,1,2,1,0,0,0,1
73,1,2,0,1,0,0,0
92,2,3,0,0,0,0,1
132,2,3,0,0,1,0,0
69,1,1,1,0,0,0,1
66,1,2,1,0,0,0,0
76,1,2,0,0,1,0,0
122,2,2,1,0,0,0,0
88,2,2,0,0,0,0,0
112,2,3,1,0,0,0,1
104,4,4,1,0,0,0,1
116,2,4,1,0,0,0,0
122,2,4,1,0,0,0,0
139,3,3,0,0,1,0,1
91,1,2,0,0,1,0,0
112,2,3,0,0,0,1,1
109,2,2,0,0,1,0,0
84,2,2,0,0,0,0,0
83,1,2,0,0,0,0,1
122,2,3,0,0,1,0,0
112,2,2,0,0,1,0,0
107,2,2,0,0,1,0,0
112,2,2,0,0,1,0,0
107,2,2,0,0,1,0,0
135,2,3,0,0,1,0,0
112,2,2,0,0,1,0,0
107,2,2,0,0,1,0,0
112,2,2,0,0,1,0,0
107,2,2,0,0,1,0,0
135,2,3,0,0,1,0,0
113,2,2,0,0,1,0,0
148,2,4,0,0,1,0,0
76,2,3,0,0,0,0,0
75,1,2,0,0,0,0,1
91,1,3,1,0,0,0,1
121,2,3,0,0,0,1,1
170,4,4,0,0,1,0,0
165,3,3,0,0,0,1,1
120,2,3,0,0,1,0,1
85,2,4,1,0,0,0,1
85,1,2,1,0,0,0,1
101,2,2,0,0,1,0,0
132,2,4,0,1,0,0,1
72,1,2,1,0,0,0,1
108,2,3,1,0,0,0,0
71,1,1,0,0,1,0,0
109,2,4,1,0,0,0,1
59,1,2,1,0,0,0,1
110,2,3,1,0,0,0,0
62,1,2,1,0,0,0,0
75,1,1,1,0,0,0,0
100,2,3,1,0,0,0,1
70,1,2,1,0,0,0,1
137,2,3,0,0,1,0,0
112,2,4,0,0,1,0,0
76,2,2,1,0,0,0,1
70,1,2,1,0,0,0,0
63,1,2,1,0,0,0,0
96,2,2,0,0,1,0,0
219,5,4,0,0,1,0,1
129,2,3,0,1,0,0,1
120,2,3,0,0,1,0,0
44,1,1,1,0,0,0,0
91,2,3,1,0,0,0,0
50,2,2,1,0,0,0,0
63,1,2,1,0,0,0,0
123,2,3,0,0,1,0,0
82,2,2,0,1,0,0,0
88,2,2,1,0,0,0,0
90,2,2,1,0,0,0,0
79,1,2,0,0,0,0,1
140,2,3,0,0,1,0,1
105,2,3,1,0,0,0,0
79,1,2,1,0,0,0,0
77,2,2,0,0,0,0,1
62,1,1,1,0,0,0,0
64,1,1,1,0,0,0,0
69,1,1,1,0,0,0,0
66,1,2,1,0,0,0,1
140,2,3,0,0,1,0,0
127,1,5,1,0,0,0,0
94,1,2,1,0,0,0,0
140,3,4,0,0,1,0,1
106,2,3,0,1,0,0,1
97,2,3,0,0,1,0,0
165,3,6,1,0,0,0,1
156,3,5,0,0,1,0,0
68,1,2,1,0,0,0,0
103,2,2,0,0,0,0,0
51,1,1,1,0,0,0,0
137,2,2,1,0,0,0,1
94,2,3,1,0,0,0,1
98,2,2,1,0,0,0,0
131,2,4,0,0,0,1,0
135,2,3,0,0,1,0,0
83,1,2,1,0,0,0,0
88,2,1,1,0,0,0,0
66,1,2,0,0,0,0,0
152,3,3,0,0,1,0,0
130,2,3,0,0,1,0,1
124,2,3,0,0,1,0,0
130,2,3,0,0,1,0,1
78,1,1,0,0,0,0,0
77,1,2,1,0,0,0,0
101,2,3,0,0,1,0,0
71,2,2,0,0,0,0,1
85,1,2,0,0,0,0,0
84,1,2,1,0,0,0,0
90,2,3,1,0,0,0,1
82,1,3,1,0,0,0,1
100,2,3,0,0,1,0,0
73,1,1,0,0,0,0,1
104,2,3,1,0,0,0,1
131,2,3,0,0,0,1,1
112,2,3,0,0,1,0,0
113,2,3,0,0,1,0,0
115,2,2,0,0,0,1,0
141,3,4,1,0,0,0,0
85,2,2,0,1,0,0,1
117,2,3,1,0,0,0,1
100,2,4,1,0,0,0,0
74,1,2,1,0,0,0,0
81,2,2,0,0,0,0,0
83,2,1,1,0,0,0,0
97,2,3,0,1,0,0,0
147,2,3,0,0,1,0,0
88,1,2,0,0,1,0,0
60,1,1,0,0,1,0,0
60,1,1,0,0,1,0,0
97,1,2,0,0,0,0,1
140,2,4,0,0,1,0,0
71,1,3,1,0,0,0,0
71,1,3,1,0,0,0,0
113,2,3,0,1,0,0,0
104,2,3,1,0,0,0,0
84,2,2,0,0,1,0,0
95,1,3,1,0,0,0,0
137,3,3,0,1,0,0,0
87,1,2,1,0,0,0,0
84,1,2,1,0,0,0,0
115,2,3,0,0,1,0,0
80,2,2,0,0,0,0,0
222,3,3,1,0,0,0,1
120,2,3,0,0,0,1,1
174,2,3,0,1,0,0,0
127,2,3,0,0,1,0,0
70,1,2,1,0,0,0,0
104,2,3,1,0,0,0,0
76,1,2,1,0,0,0,0
82,2,2,0,0,0,0,1
108,2,2,1,0,0,0,1
130,2,3,0,0,0,0,1
138,3,3,0,0,0,0,1
111,2,2,0,0,1,0,1
113,2,4,1,0,0,0,1
171,3,4,0,0,0,1,1
70,1,2,1,0,0,0,1
65,1,2,1,0,0,0,0
93,2,2,1,0,0,0,0
111,2,2,0,0,1,0,0
156,2,4,0,1,0,0,0
80,2,2,1,0,0,0,1
99,2,2,0,1,0,0,0
52,1,1,1,0,0,0,0
52,1,1,1,0,0,0,0
48,1,1,1,0,0,0,0
67,1,3,1,0,0,0,0
199,2,2,0,0,1,0,1
85,1,2,0,0,1,0,0
216,1,3,0,0,1,0,0
121,2,3,0,1,0,0,0
58,1,2,1,0,0,0,0
177,2,2,0,0,1,0,1
175,2,3,0,0,1,0,1
61,1,2,1,0,0,0,0
140,2,3,0,0,0,1,0
95,1,2,1,0,0,0,0
65,1,2,0,0,0,0,0
56,1,1,1,0,0,0,1
145,2,3,0,0,1,0,1
105,2,3,1,0,0,0,0
75,1,2,0,1,0,0,0
87,2,2,1,0,0,0,0
88,2,4,1,0,0,0,0
80,1,2,1,0,0,0,1
63,1,2,0,0,0,0,0
149,2,4,1,0,0,0,1
140,2,4,1,0,0,0,0
58,1,2,1,0,0,0,0
141,3,4,0,0,1,0,0
83,2,3,0,1,0,0,1
87,1,2,1,0,0,0,1
58,1,1,0,0,0,0,0
69,1,2,1,0,0,0,0
95,2,3,1,0,0,0,0
76,2,2,1,0,0,0,0
76,2,2,1,0,0,0,0
95,2,3,1,0,0,0,0
76,2,2,1,0,0,0,0
127,2,3,0,0,1,0,0
110,2,4,0,1,0,0,1
100,2,3,1,0,0,0,1
101,2,4,0,0,0,1,1
65,1,2,1,0,0,0,0
130,2,4,1,0,0,0,0
150,2,3,0,0,1,0,1
111,2,4,1,0,0,0,1
90,1,3,1,0,0,0,1
240,1,2,0,0,0,1,1
241,1,2,0,0,0,1,1
112,2,2,0,0,0,0,0
65,3,3,1,0,0,0,1
73,2,4,1,0,0,0,1
140,4,6,1,0,0,0,1
75,1,1,1,0,0,0,1
70,1,3,1,0,0,0,1
95,1,2,1,0,0,0,0
73,1,2,1,0,0,0,1
110,2,3,1,0,0,0,0
153,2,4,0,0,0,1,1
67,1,3,1,0,0,0,1
159,2,3,0,0,1,0,0
40,1,1,1,0,0,0,0
114,2,3,0,1,0,0,0
160,3,3,0,0,0,1,1
113,2,2,0,0,0,0,0
42,1,1,1,0,0,0,0
112,2,2,1,0,0,0,0
133,3,2,0,0,1,0,0
130,2,4,1,0,0,0,0
50,1,1,1,0,0,0,0
124,2,3,0,0,1,0,0
85,1,2,0,0,0,0,0
122,2,2,0,0,0,0,0
85,1,2,0,0,0,0,0
122,2,2,0,0,0,0,0
92,2,2,0,0,0,0,0
117,2,2,0,0,0,0,0
110,2,3,0,0,0,0,0
92,1,2,1,0,0,0,0
100,2,3,0,0,1,0,0
63,1,1,1,0,0,0,0
78,1,2,1,0,0,0,0
138,2,3,0,0,0,1,1
84,1,3,0,0,0,0,0
74,2,1,0,0,0,0,0
55,1,1,1,0,0,0,0
95,1,2,0,0,0,1,0
160,2,4,0,0,0,1,1
101,2,2,0,0,0,0,0
80,2,2,0,0,0,0,0
68,1,2,0,0,0,0,0
82,2,2,0,0,0,0,0
103,2,2,0,0,0,0,0
106,2,2,0,0,0,0,0
82,2,2,0,0,0,0,0
77,2,2,0,0,0,0,0
81,2,2,0,0,0,0,0
97,2,2,0,0,0,0,0
82,2,2,0,0,0,0,0
125,2,3,0,1,0,0,0
129,3,3,0,0,0,0,0
110,2,2,1,0,0,0,0
59,2,2,1,0,0,0,1
87,2,3,0,0,0,1,0
70,1,2,1,0,0,0,0
89,1,2,0,0,1,0,0
75,1,2,1,0,0,0,0
109,2,3,1,0,0,0,0
72,1,2,1,0,0,0,1
179,3,3,0,0,1,0,0
106,2,3,1,0,0,0,0
67,1,1,1,0,0,0,0
70,1,4,1,0,0,0,1
68,1,2,1,0,0,0,1
115,2,3,0,0,0,0,0
115,2,3,0,0,0,0,1
115,2,3,0,0,0,0,1
89,2,2,0,0,0,0,1
89,2,2,0,0,0,0,1
130,1,2,1,0,0,0,0
143,3,3,1,0,0,0,0
127,2,3,0,0,0,1,1
69,1,2,1,0,0,0,0
106,2,3,1,0,0,0,0
70,1,3,1,0,0,0,0
89,2,2,1,0,0,0,0
92,2,2,0,1,0,0,0
63,1,5,1,0,0,0,1
64,1,5,1,0,0,0,1
90,3,4,0,0,0,0,1
90,2,2,0,1,0,0,0
115,2,3,0,0,1,0,0
80,2,3,1,0,0,0,1
75,1,2,1,0,0,0,0
125,2,2,0,0,0,0,0
82,2,3,1,0,0,0,1
73,1,2,1,0,0,0,0
43,1,1,1,0,0,0,0
98,1,2,0,0,1,0,0
103,1,2,0,0,1,0,0
124,2,3,1,0,0,0,0
136,3,4,1,0,0,0,1
85,2,2,0,1,0,0,0
108,2,2,0,1,0,0,0
108,3,2,0,1,0,0,0
108,3,2,0,1,0,0,0
55,2,1,1,0,0,0,1
110,2,4,0,0,0,0,1
59,1,1,0,0,0,0,0
84,1,1,0,0,0,0,0
120,2,4,1,0,0,0,0
129,3,3,0,1,0,0,0
70,2,2,1,0,0,0,1
121,2,3,0,0,1,0,0
113,1,2,1,0,0,0,0
107,2,2,1,0,0,0,0
56,1,1,1,0,0,0,0
89,2,1,1,0,0,0,1
150,2,5,1,0,0,0,1
72,2,3,1,0,0,0,1
70,1,2,0,0,1,0,0
218,2,3,0,0,1,0,1
164,2,2,0,0,1,0,1
60,1,1,1,0,0,0,1
89,1,2,0,1,0,0,0
85,2,3,0,0,0,0,0
77,1,2,0,0,0,0,1
109,2,3,0,0,1,0,1
106,2,4,0,0,0,0,1
175,1,2,0,0,0,0,1
87,2,2,1,0,0,0,0
51,2,2,1,0,0,0,1
191,3,4,0,0,1,0,0
220,4,4,0,0,0,1,1
69,2,3,0,0,0,0,1
114,2,3,0,0,1,0,0
186,3,5,0,1,0,0,1
57,1,1,1,0,0,0,0
151,3,4,1,0,0,0,1
80,1,2,0,0,0,0,0
86,2,2,1,0,0,0,1
111,2,4,0,0,1,0,1
108,2,4,1,0,0,0,0
154,2,3,1,0,0,0,0
101,1,1,1,0,0,0,0
56,1,1,1,0,0,0,0
81,1,2,1,0,0,0,0
107,2,2,0,0,0,0,0
107,2,2,0,0,0,0,0
107,2,2,0,0,0,0,0
107,2,2,0,0,0,0,0
107,2,2,0,0,0,0,0
107,2,3,0,0,0,0,0
107,2,3,0,0,0,0,0
67,1,1,1,0,0,0,0
107,2,3,0,0,0,0,0
100,2,2,1,0,0,0,0
55,1,1,1,0,0,0,0
101,2,2,0,0,1,0,0
93,1,2,1,0,0,0,1
122,2,3,0,1,0,0,1
128,3,2,0,0,1,0,1
128,3,2,0,0,1,0,1
128,3,2,0,0,1,0,1
128,3,2,0,0,1,0,1
128,3,2,0,0,1,0,1
128,3,2,0,0,1,0,1
128,3,2,0,0,1,0,1
128,3,2,0,0,1,0,0
128,3,2,0,0,1,0,0
128,3,2,0,0,1,0,1
128,3,2,0,0,1,0,1
128,3,2,0,0,1,0,0
128,3,2,0,0,1,0,0
128,3,2,0,0,1,0,1
128,3,2,0,0,1,0,1
128,3,2,0,0,1,0,0
128,3,2,0,0,1,0,0
128,3,2,0,0,1,0,1
128,3,2,0,0,1,0,1
128,3,2,0,0,1,0,0
128,3,2,0,0,1,0,0
178,2,3,0,0,1,0,0
65,2,2,1,0,0,0,0
100,2,3,0,0,1,0,0
90,3,3,0,0,0,0,0
106,2,4,1,0,0,0,1
79,1,1,0,1,0,0,0
74,1,2,1,0,0,0,0
95,2,3,1,0,0,0,0
87,1,2,0,1,0,0,0
92,2,3,0,0,1,0,0
66,1,1,1,0,0,0,0
57,1,1,1,0,0,0,0
210,2,4,0,0,1,0,1
98,1,2,0,0,0,0,0
87,2,3,0,1,0,0,1
103,2,3,1,0,0,0,1
180,2,2,0,0,0,0,1
167,2,4,0,0,1,0,0
128,1,2,1,0,0,0,0
48,1,1,1,0,0,0,1
140,2,3,0,0,0,1,1
116,2,3,0,0,1,0,0
113,2,3,1,0,0,0,0
67,1,2,0,0,0,0,1
84,2,1,1,0,0,0,0
85,2,1,1,0,0,0,0
92,2,1,1,0,0,0,0
68,2,1,1,0,0,0,0
68,2,1,1,0,0,0,0
53,2,1,1,0,0,0,0
65,2,1,1,0,0,0,0
70,2,1,1,0,0,0,0
60,2,1,1,0,0,0,0
53,2,1,1,0,0,0,0
118,2,1,1,0,0,0,0
92,2,1,1,0,0,0,0
68,2,1,1,0,0,0,0
127,2,3,1,0,0,0,0
83,2,2,1,0,0,0,0
87,1,2,1,0,0,0,1
119,2,3,1,0,0,0,0
108,2,1,1,0,0,0,0
156,3,4,0,1,0,0,0
82,1,3,1,0,0,0,0
81,1,3,1,0,0,0,0
81,1,3,1,0,0,0,0
90,1,2,1,0,0,0,0
104,1,4,1,0,0,0,0
142,2,3,1,0,0,0,0
64,1,1,1,0,0,0,0
100,2,3,1,0,0,0,0
125,2,3,1,0,0,0,0
120,2,3,1,0,0,0,0
48,1,1,1,0,0,0,1
50,1,1,1,0,0,0,0
53,1,1,1,0,0,0,0
53,1,2,1,0,0,0,0
50,1,2,1,0,0,0,0
45,1,2,1,0,0,0,0
50,1,1,1,0,0,0,0
45,1,1,1,0,0,0,0
93,2,2,0,0,1,0,0
138,2,3,0,0,1,0,0
56,1,1,1,0,0,0,0
40,1,1,1,0,0,0,0
96,1,1,1,0,0,0,0
83,1,1,1,0,0,0,0
92,2,3,1,0,0,0,1
161,2,3,0,0,1,0,0
167,2,3,0,0,1,0,0
57,1,1,1,0,0,0,0
67,1,2,1,0,0,0,0
207,3,4,0,0,1,0,1
105,2,3,0,1,0,0,0
257,3,4,0,0,1,0,1
77,1,2,1,0,0,0,0
104,2,3,1,0,0,0,0
66,1,2,0,0,0,0,0
112,1,3,0,0,1,0,0
88,1,2,0,1,0,0,0
48,2,2,1,0,0,0,1
79,1,2,0,0,1,0,0
152,3,4,1,0,0,0,0
50,1,1,1,0,0,0,0
50,1,1,1,0,0,0,0
50,1,1,1,0,0,0,0
50,1,1,1,0,0,0,0
135,1,2,0,1,0,0,0
96,2,4,1,0,0,0,0
107,2,2,0,0,0,1,1
110,2,3,0,0,1,0,1
162,3,2,0,0,0,0,0
40,3,2,0,0,0,1,0
69,1,2,1,0,0,0,1
65,2,2,1,0,0,0,0
54,1,1,1,0,0,0,0
55,1,1,1,0,0,0,0
60,1,1,1,0,0,0,0
96,2,2,1,0,0,0,0
92,2,3,0,0,0,0,0
85,1,3,1,0,0,0,1
72,1,1,1,0,0,0,1
50,1,2,1,0,0,0,1
110,2,3,1,0,0,0,0
73,1,2,1,0,0,0,1
73,1,1,0,0,0,1,0
134,3,3,0,0,0,1,1
146,2,3,0,0,0,1,1
130,2,5,1,0,0,0,0
84,1,1,1,0,0,0,0
90,2,2,1,0,0,0,0
45,1,1,1,0,0,0,0
112,2,3,0,0,0,0,1
109,2,3,1,0,0,0,0
120,1,4,1,0,0,0,0
117,2,3,1,0,0,0,1
90,2,3,1,0,0,0,0
147,2,4,1,0,0,0,0
173,2,2,0,1,0,0,0
160,2,2,0,1,0,0,0
235,2,2,0,1,0,0,0
143,2,3,1,0,0,0,0
202,3,3,0,0,0,1,1
138,2,2,0,0,0,1,1
136,2,2,0,0,0,1,1
136,2,2,0,0,0,1,1
138,2,2,0,0,0,1,1
136,2,2,0,0,0,1,1
189,2,1,0,0,0,1,1
100,1,3,1,0,0,0,1
86,2,2,1,0,0,0,1
76,2,1,1,0,0,0,1
106,2,3,0,0,1,0,0
114,2,3,0,0,1,0,0
106,2,3,0,0,1,0,0
114,2,3,0,0,1,0,0
70,1,2,1,0,0,0,0
89,1,2,1,0,0,0,1
160,3,4,0,0,0,0,1
130,2,3,1,0,0,0,0
66,1,2,1,0,0,0,1
140,1,1,0,1,0,0,0
133,3,3,0,0,0,0,1
85,2,3,1,0,0,0,0
83,1,1,1,0,0,0,0
96,1,1,1,0,0,0,0
83,1,1,1,0,0,0,0
94,1,1,1,0,0,0,0
72,1,2,1,0,0,0,0
205,2,3,0,0,0,1,1
66,1,2,1,0,0,0,0
73,1,1,0,0,0,0,0
58,2,1,1,0,0,0,0
60,1,1,1,0,0,0,0
122,2,3,1,0,0,0,0
59,1,2,1,0,0,0,1
132,3,3,0,1,0,0,0
107,2,2,1,0,0,0,0
44,1,2,1,0,0,0,0
100,2,2,0,0,1,0,0
90,2,2,1,0,0,0,0
130,2,3,0,1,0,0,0
111,2,3,0,0,1,0,0
91,2,2,0,0,1,0,0
112,2,2,0,0,1,0,0
100,2,2,0,0,1,0,0
100,2,2,0,0,1,0,0
153,2,4,0,0,1,0,0
147,2,4,0,0,1,0,0
65,1,2,1,0,0,0,0
90,1,3,1,0,0,0,0
119,2,3,0,0,1,0,0
98,2,2,0,0,1,0,0
129,2,3,0,0,1,0,0
98,2,2,0,0,1,0,0
129,2,3,0,0,1,0,0
98,2,2,0,0,1,0,0
129,2,3,0,0,1,0,0
124,1,2,1,0,0,0,1
105,2,3,1,0,0,0,0
71,1,2,1,0,0,0,0
116,3,2,1,0,0,0,0
77,2,3,1,0,0,0,0
168,2,3,1,0,0,0,1
55,1,1,1,0,0,0,0
58,1,1,1,0,0,0,0
64,1,1,1,0,0,0,0
77,1,1,1,0,0,0,0
55,1,1,1,0,0,0,0
79,1,3,1,0,0,0,0
88,2,2,1,0,0,0,0
98,1,2,1,0,0,0,1
96,2,3,0,0,0,0,0
131,2,2,1,0,0,0,0
173,2,2,0,0,1,0,0
93,2,2,0,1,0,0,0
85,1,1,1,0,0,0,0
49,1,1,1,0,0,0,0
49,1,1,1,0,0,0,0
49,1,1,1,0,0,0,0
49,1,1,1,0,0,0,0
71,1,1,0,0,0,0,0
106,1,3,1,0,0,0,0
162,2,2,0,1,0,0,0
111,1,3,1,0,0,0,1
85,1,1,1,0,0,0,0
188,3,3,0,0,0,1,1
148,3,3,0,0,0,1,1
87,3,2,1,0,0,0,1
67,1,2,1,0,0,0,1
123,2,3,0,0,1,0,0
88,2,1,1,0,0,0,0
100,2,2,0,0,0,0,0
144,2,3,0,0,0,1,1
110,2,2,1,0,0,0,0
96,2,3,0,1,0,0,1
101,2,2,0,0,1,0,0
90,1,2,1,0,0,0,0
150,2,4,0,0,1,0,1
110,1,3,1,0,0,0,0
119,2,3,1,0,0,0,0
65,1,2,0,1,0,0,0
78,1,2,1,0,0,0,0
54,1,1,1,0,0,0,0
54,1,1,1,0,0,0,0
131,2,2,0,1,0,0,0
73,2,1,1,0,0,0,0
61,2,1,1,0,0,0,0
74,2,1,1,0,0,0,0
74,2,1,1,0,0,0,0
62,2,1,1,0,0,0,0
90,1,3,1,0,0,0,1
113,3,3,1,0,0,0,0
106,3,2,0,1,0,0,0
167,4,3,0,0,1,0,0
126,2,3,0,1,0,0,1
75,1,1,1,0,0,0,0
73,1,1,1,0,0,0,0
75,1,3,1,0,0,0,1
119,2,3,1,0,0,0,1
60,1,2,0,0,0,1,0
73,1,1,1,0,0,0,0
109,2,3,0,0,1,0,0
99,2,3,0,1,0,0,1
78,1,2,1,0,0,0,0
59,1,1,1,0,0,0,0
52,1,1,1,0,0,0,0
151,2,3,0,0,1,0,0
77,1,3,1,0,0,0,1
54,1,1,1,0,0,0,0
62,1,2,1,0,0,0,1
42,1,2,1,0,0,0,0
105,2,2,1,0,0,0,0
163,2,3,0,1,0,0,1
88,2,4,1,0,0,0,0
70,2,2,1,0,0,0,1
102,2,2,1,0,0,0,0
105,2,2,1,0,0,0,0
111,2,2,1,0,0,0,0
116,2,2,1,0,0,0,0
119,2,2,1,0,0,0,0
136,2,3,1,0,0,0,0
136,2,3,1,0,0,0,0
102,2,2,1,0,0,0,0
71,2,2,0,0,0,0,1
105,2,2,1,0,0,0,0
111,2,2,1,0,0,0,0
116,2,2,1,0,0,0,0
119,2,2,1,0,0,0,0
136,2,3,1,0,0,0,0
136,2,3,1,0,0,0,0
102,2,2,1,0,0,0,0
136,2,3,1,0,0,0,0
136,2,3,1,0,0,0,0
102,2,2,1,0,0,0,0
136,2,3,1,0,0,0,0
136,2,3,1,0,0,0,0
102,2,2,1,0,0,0,0
136,2,3,1,0,0,0,0
102,2,2,1,0,0,0,0
136,2,3,1,0,0,0,0
102,2,2,1,0,0,0,0
102,2,2,1,0,0,0,0
102,2,2,1,0,0,0,0
111,2,2,1,0,0,0,0
116,2,2,1,0,0,0,0
119,2,2,1,0,0,0,0
136,2,3,1,0,0,0,0
136,2,3,1,0,0,0,0
102,2,2,1,0,0,0,0
102,2,2,1,0,0,0,0
102,2,2,1,0,0,0,0
102,2,2,1,0,0,0,0
85,2,2,0,1,0,0,1
102,2,2,1,0,0,0,0
105,2,2,1,0,0,0,0
102,2,2,1,0,0,0,0
116,2,2,1,0,0,0,0
119,2,2,1,0,0,0,0
136,2,3,1,0,0,0,0
101,2,2,1,0,0,0,0
136,2,3,1,0,0,0,0
102,2,2,1,0,0,0,0
136,2,3,1,0,0,0,0
102,2,2,1,0,0,0,0
150,1,4,1,0,0,0,0
110,2,3,0,1,0,0,0
57,1,1,1,0,0,0,0
88,1,3,1,0,0,0,0
74,2,1,1,0,0,0,0
48,1,1,1,0,0,0,0
49,1,1,1,0,0,0,0
107,1,3,0,1,0,0,1
84,1,1,1,0,0,0,1
43,1,1,1,0,0,0,0
49,1,1,1,0,0,0,0
49,1,1,1,0,0,0,0
49,1,1,1,0,0,0,0
131,2,3,0,0,1,0,1
99,2,5,1,0,0,0,1
68,2,2,0,1,0,0,1
53,1,2,1,0,0,0,0
86,1,4,1,0,0,0,0
87,3,2,1,0,0,0,0
87,3,2,1,0,0,0,0
60,1,3,1,0,0,0,1
73,1,2,0,0,1,0,0
45,1,1,1,0,0,0,0
45,1,1,1,0,0,0,0
45,1,1,1,0,0,0,0
44,1,1,1,0,0,0,0
87,1,1,1,0,0,0,0
45,1,1,1,0,0,0,0
44,1,1,1,0,0,0,0
105,2,3,1,0,0,0,0
94,2,3,0,1,0,0,1
156,2,3,0,0,0,0,0
85,1,3,1,0,0,0,0
60,1,1,1,0,0,0,0
145,3,3,1,0,0,0,0
113,2,3,0,0,1,0,1
108,2,3,0,0,1,0,0
82,2,3,1,0,0,0,0
56,1,1,1,0,0,0,1
58,1,1,1,0,0,0,0
60,1,2,1,0,0,0,0
69,1,1,1,0,0,0,0
110,2,3,1,0,0,0,0
79,1,3,1,0,0,0,0
87,1,3,1,0,0,0,0
85,2,3,1,0,0,0,0
150,2,2,0,1,0,0,0
120,3,2,1,0,0,0,1
80,1,2,0,0,0,0,0
110,2,2,0,0,1,0,0
65,1,2,1,0,0,0,0
117,2,5,1,0,0,0,0
121,2,4,0,0,1,0,0
120,2,3,1,0,0,0,0
110,1,2,1,0,0,0,0
84,2,2,1,0,0,0,0
60,1,2,1,0,0,0,0
118,1,2,1,0,0,0,0
148,2,3,0,0,1,0,0
90,2,2,0,0,0,0,1
100,2,2,1,0,0,0,1
160,2,3,0,0,1,0,1
75,1,2,1,0,0,0,0
117,3,3,1,0,0,0,0
110,2,3,0,0,0,0,1
130,2,4,0,1,0,0,0
118,2,3,1,0,0,0,0
146,2,4,1,0,0,0,0
55,1,2,1,0,0,0,0
95,2,2,1,0,0,0,0
125,2,3,0,0,1,0,0
112,2,4,1,0,0,0,0
74,1,2,1,0,0,0,0
81,2,3,1,0,0,0,1
44,1,2,1,0,0,0,0
155,2,3,1,0,0,0,0
52,1,1,1,0,0,0,0
120,2,1,1,0,0,0,0
84,3,2,1,0,0,0,0
42,1,1,1,0,0,0,0
158,2,3,1,0,0,0,0
173,2,3,0,0,0,0,1
133,2,2,0,0,1,0,0
140,2,3,0,0,1,0,0
143,2,3,0,0,1,0,0
136,2,3,0,0,1,0,0
136,2,3,0,0,1,0,0
51,1,1,1,0,0,0,0
135,1,2,1,0,0,0,0
94,1,2,1,0,0,0,0
70,2,3,1,0,0,0,0
70,1,2,1,0,0,0,1
64,1,1,1,0,0,0,0
37,1,1,1,0,0,0,0
141,3,3,0,0,0,1,0
108,2,2,0,0,0,1,0
144,3,3,0,0,0,1,0
114,2,2,0,0,0,1,0
144,3,3,0,0,0,1,0
114,2,2,0,0,0,1,0
114,2,2,0,0,0,1,0
108,2,2,0,0,0,1,0
141,3,3,0,0,0,1,0
114,2,2,0,0,0,1,0
144,3,3,0,0,0,1,0
114,2,2,0,0,0,1,0
144,3,3,0,0,0,1,0
114,2,2,0,0,0,1,0
145,3,3,0,0,0,1,0
84,3,2,1,0,0,0,0
125,2,3,0,0,1,0,1
110,1,4,1,0,0,0,0
83,1,2,1,0,0,0,0
85,2,2,1,0,0,0,1
80,2,1,1,0,0,0,1
84,2,2,1,0,0,0,1
80,2,1,1,0,0,0,1
92,2,3,1,0,0,0,0
80,2,1,1,0,0,0,0
84,2,2,0,0,1,0,0
84,1,2,1,0,0,0,0
120,1,3,1,0,0,0,0
74,1,1,1,0,0,0,0
96,2,4,1,0,0,0,1
94,1,2,1,0,0,0,1
60,1,1,1,0,0,0,0
75,1,3,1,0,0,0,0
93,2,2,1,0,0,0,0
69,2,1,1,0,0,0,1
90,2,2,1,0,0,0,0
93,2,2,1,0,0,0,0
89,2,1,1,0,0,0,1
83,2,1,1,0,0,0,1
109,2,2,1,0,0,0,0
78,2,3,0,0,0,0,0
102,2,2,1,0,0,0,1
162,2,2,0,0,1,0,0
130,2,3,0,0,1,0,0
113,2,2,0,0,1,0,0
110,2,2,0,0,1,0,0
110,2,2,0,0,1,0,0
110,2,2,0,0,1,0,0
83,2,2,1,0,0,0,0
83,1,3,1,0,0,0,1
90,1,1,1,0,0,0,0
117,2,2,0,0,1,0,0
170,2,6,0,0,1,0,1
206,3,4,0,0,1,0,0
206,3,4,0,0,1,0,0
110,2,2,0,0,1,0,0
120,2,2,0,0,1,0,0
110,2,2,0,0,1,0,1
66,1,1,1,0,0,0,0
125,2,3,0,1,0,0,0
140,4,4,0,0,1,0,1
80,1,2,1,0,0,0,1
100,2,3,1,0,0,0,0
139,2,3,1,0,0,0,0
107,2,2,1,0,0,0,1
90,4,2,1,0,0,0,1
124,2,3,0,0,1,0,1
101,2,2,1,0,0,0,0
55,1,1,1,0,0,0,0
60,2,1,1,0,0,0,0
55,1,1,1,0,0,0,0
60,2,1,1,0,0,0,0
162,2,2,0,0,1,0,0
95,2,3,1,0,0,0,0
44,1,1,1,0,0,0,0
85,2,3,1,0,0,0,1
67,1,1,1,0,0,0,0
62,1,1,1,0,0,0,0
65,1,1,1,0,0,0,0
51,1,1,1,0,0,0,0
65,1,1,1,0,0,0,0
55,1,1,1,0,0,0,0
63,1,1,1,0,0,0,0
66,1,2,1,0,0,0,0
76,2,1,1,0,0,0,0
56,1,2,1,0,0,0,1
60,1,2,1,0,0,0,0
48,1,1,1,0,0,0,0
135,2,3,0,0,1,0,1
70,3,2,1,0,0,0,1
70,2,1,1,0,0,0,0
36,1,1,1,0,0,0,0
61,1,1,1,0,0,0,1
190,3,3,0,0,1,0,1
124,2,3,0,1,0,0,0
107,2,3,0,1,0,0,0
90,1,4,1,0,0,0,0
104,2,2,1,0,0,0,0
89,2,2,1,0,0,0,0
58,1,2,1,0,0,0,0
55,1,2,1,0,0,0,0
162,3,4,0,1,0,0,0
163,2,3,0,0,1,0,1
163,2,3,0,0,1,0,1
131,2,3,0,0,1,0,0
128,2,3,1,0,0,0,0
81,1,1,1,0,0,0,0
67,1,1,1,0,0,0,0
63,1,1,1,0,0,0,0
60,1,1,1,0,0,0,0
167,3,4,0,0,1,0,0
82,1,2,0,0,0,0,1
63,2,2,1,0,0,0,0
77,2,2,1,0,0,0,1
63,1,1,1,0,0,0,0
63,1,1,1,0,0,0,0
63,1,1,1,0,0,0,0
43,1,1,1,0,0,0,0
109,1,1,1,0,0,0,0
44,1,1,1,0,0,0,0
57,1,1,1,0,0,0,0
57,1,1,1,0,0,0,0
57,1,1,1,0,0,0,0
49,1,1,1,0,0,0,0
89,1,2,0,0,1,0,0
101,1,2,1,0,0,0,0
118,2,3,0,0,0,0,0
67,1,1,1,0,0,0,0
40,1,2,1,0,0,0,0
56,2,4,1,0,0,0,1
74,2,1,1,0,0,0,0
121,2,2,0,1,0,0,0
123,2,2,0,1,0,0,0
123,2,2,0,1,0,0,0
128,2,2,0,1,0,0,0
117,2,2,0,1,0,0,0
121,2,2,0,1,0,0,0
123,2,2,0,1,0,0,0
121,2,2,0,1,0,0,0
123,2,2,0,1,0,0,0
78,1,2,1,0,0,0,0
136,2,3,0,1,0,0,0
88,1,3,1,0,0,0,0
75,1,3,1,0,0,0,0
62,1,4,1,0,0,0,0
91,1,3,1,0,0,0,1
75,1,2,1,0,0,0,0
93,2,3,0,0,1,0,0
85,2,5,1,0,0,0,0
102,1,3,1,0,0,0,0
41,1,1,1,0,0,0,0
90,2,3,1,0,0,0,1
80,2,1,1,0,0,0,0
95,2,2,1,0,0,0,0
95,2,2,1,0,0,0,0
140,1,2,1,0,0,0,0
75,2,2,1,0,0,0,0
97,2,3,1,0,0,0,0
105,2,3,0,0,1,0,0
113,2,5,1,0,0,0,1
66,1,2,1,0,0,0,1
25,1,1,1,0,0,0,0
47,1,1,1,0,0,0,0
80,2,3,1,0,0,0,1
60,1,3,1,0,0,0,0
121,2,2,0,0,0,0,0
153,2,4,0,1,0,0,0
86,1,2,1,0,0,0,1
65,1,1,1,0,0,0,0
93,1,2,1,0,0,0,0
103,2,3,1,0,0,0,0
103,2,3,1,0,0,0,0
56,1,1,1,0,0,0,0
173,2,2,0,1,0,0,0
235,2,2,0,1,0,0,1
173,2,2,0,1,0,0,0
95,1,3,1,0,0,0,0
59,1,2,1,0,0,0,0
57,1,1,1,0,0,0,0
93,2,3,0,0,0,0,0
179,3,4,0,0,1,0,1
158,3,4,0,0,1,0,1
65,2,2,1,0,0,0,0
83,1,2,1,0,0,0,0
111,2,3,1,0,0,0,0
58,2,1,1,0,0,0,0
64,1,1,1,0,0,0,0
69,1,1,1,0,0,0,0
64,1,1,1,0,0,0,0
127,2,2,0,0,0,0,0
119,2,2,0,1,0,0,0
119,2,2,0,1,0,0,0
94,2,3,0,0,0,0,1
56,1,1,1,0,0,0,0
95,2,2,1,0,0,0,0
68,1,1,1,0,0,0,1
110,1,2,1,0,0,0,0
34,1,1,1,0,0,0,0
136,4,3,0,0,0,1,0
164,3,4,0,0,1,0,0
89,1,2,1,0,0,0,1
74,1,1,1,0,0,0,0
130,1,2,0,0,1,0,0
60,1,2,1,0,0,0,0
60,1,2,1,0,0,0,0
130,2,4,0,0,0,0,1
74,1,2,0,1,0,0,0
50,1,2,1,0,0,0,0
88,2,2,1,0,0,0,0
98,1,4,1,0,0,0,0
104,1,2,0,1,0,0,0
106,1,2,1,0,0,0,0
60,1,2,1,0,0,0,0
65,1,2,1,0,0,0,0
65,1,2,1,0,0,0,0
96,2,4,1,0,0,0,0
122,2,4,1,0,0,0,0
81,1,1,1,0,0,0,0
89,1,1,1,0,0,0,0
66,1,1,1,0,0,0,0
101,1,2,1,0,0,0,0
44,1,2,1,0,0,0,0
90,2,2,1,0,0,0,1
68,1,1,1,0,0,0,0
122,2,4,1,0,0,0,0
73,1,1,1,0,0,0,0
69,1,1,1,0,0,0,0
50,1,1,1,0,0,0,0
86,1,3,1,0,0,0,0
37,1,1,1,0,0,0,0
40,1,1,1,0,0,0,0
156,2,3,1,0,0,0,0
62,2,1,0,0,0,0,0
65,1,2,1,0,0,0,0
130,2,3,1,0,0,0,0
105,2,2,1,0,0,0,0
150,2,4,1,0,0,0,0
92,3,2,0,1,0,0,0
183,3,3,1,0,0,0,0
86,2,2,1,0,0,0,0
106,1,1,1,0,0,0,0
190,3,3,1,0,0,0,0
98,2,1,1,0,0,0,0
155,3,2,1,0,0,0,0
71,1,1,1,0,0,0,0
71,1,1,1,0,0,0,0
110,2,2,1,0,0,0,0
110,2,2,1,0,0,0,0
110,2,2,1,0,0,0,0
110,2,2,1,0,0,0,0
56,1,1,1,0,0,0,0
66,1,1,1,0,0,0,0
66,1,1,1,0,0,0,0
66,1,1,1,0,0,0,0
102,2,2,1,0,0,0,0
91,2,1,1,0,0,0,0
170,3,2,1,0,0,0,0
110,2,2,1,0,0,0,0
110,2,2,1,0,0,0,0
110,2,2,1,0,0,0,0
73,1,1,1,0,0,0,0
73,1,1,1,0,0,0,0
67,1,1,1,0,0,0,0
67,1,1,1,0,0,0,0
57,1,1,1,0,0,0,0
67,1,1,1,0,0,0,0
98,2,2,1,0,0,0,0
153,2,3,0,0,0,0,0
206,3,4,0,0,0,0,0
144,3,2,1,0,0,0,0
206,2,4,1,0,0,0,0
157,3,3,0,0,1,0,0
138,2,6,1,0,0,0,0
209,3,5,1,0,0,0,0
172,2,4,0,0,0,0,0
102,2,2,0,0,1,0,0
236,5,4,0,0,0,1,0
112,2,2,1,0,0,0,0
123,3,3,0,0,0,0,0
160,2,4,0,0,0,0,0
159,2,2,0,0,1,0,0
100,1,3,1,0,0,0,0
128,1,3,1,0,0,0,0
150,3,3,0,0,1,0,0
139,2,2,1,0,0,0,0
125,2,3,1,0,0,0,0
98,1,3,1,0,0,0,0
170,2,3,0,0,0,0,0
153,3,3,0,0,0,0,0
129,2,3,1,0,0,0,0
70,1,1,1,0,0,0,0
144,5,3,1,0,0,0,0
149,3,3,1,0,0,0,0
200,3,4,1,0,0,0,0
205,4,4,0,0,0,0,0
121,2,2,1,0,0,0,0
222,5,4,0,1,0,0,0
220,5,4,0,1,0,0,0
218,5,4,0,1,0,0,0
220,5,4,0,1,0,0,0
127,2,2,0,0,0,0,0
130,2,2,1,0,0,0,0
214,3,4,0,1,0,0,0
170,3,3,0,0,1,0,0
75,2,2,0,0,0,0,0
136,2,2,1,0,0,0,0
214,3,3,0,0,0,0,0
108,2,3,0,1,0,0,0
182,4,4,1,0,0,0,0
123,3,3,0,0,0,0,0
140,2,3,1,0,0,0,0
200,4,4,1,0,0,0,0
145,3,3,1,0,0,0,0
61,1,2,0,0,0,0,0
115,2,4,1,0,0,0,0
145,4,3,0,0,0,0,0
85,1,2,0,0,0,0,0
149,2,4,1,0,0,0,0
146,2,2,0,1,0,0,0
85,4,2,1,0,0,0,0
185,2,3,0,0,0,0,0
251,3,4,0,0,1,0,0
104,2,2,1,0,0,0,0
198,2,3,1,0,0,0,0
82,1,2,1,0,0,0,0
109,2,4,1,0,0,0,0
154,2,4,0,0,0,0,0
110,2,3,0,0,0,0,0
93,2,2,1,0,0,0,0
218,4,4,1,0,0,0,0
105,2,1,1,0,0,0,0
97,2,1,1,0,0,0,0
141,3,3,1,0,0,0,0
88,2,1,1,0,0,0,0
204,1,1,1,0,0,0,0
166,3,3,1,0,0,0,0
105,2,1,1,0,0,0,0
144,3,2,1,0,0,0,0
154,3,2,1,0,0,0,0
152,3,3,1,0,0,0,0
98,2,1,1,0,0,0,0
144,3,2,1,0,0,0,0
153,3,3,1,0,0,0,0
178,3,4,1,0,0,0,0
160,2,3,1,0,0,0,0
125,2,2,1,0,0,0,0
147,2,3,1,0,0,0,0
110,2,4,1,0,0,0,0
259,3,3,0,0,0,0,0
163,3,3,1,0,0,0,0
171,2,3,1,0,0,0,0
181,2,3,1,0,0,0,0
181,2,3,1,0,0,0,0
181,2,3,1,0,0,0,0
130,3,2,0,0,0,0,0
118,1,2,0,0,1,0,0
194,4,5,0,0,0,0,0
133,2,3,1,0,0,0,0
110,3,2,1,0,0,0,0
112,2,2,1,0,0,0,0
148,3,3,1,0,0,0,0
75,1,1,1,0,0,0,0
110,2,2,1,0,0,0,0
233,3,5,0,0,0,0,0
108,2,3,1,0,0,0,0
92,2,2,1,0,0,0,0
97,2,3,1,0,0,0,0
99,2,3,1,0,0,0,0
101,3,2,1,0,0,0,0
79,2,3,1,0,0,0,0
175,4,3,0,0,0,0,0
238,3,3,0,0,0,0,1
108,3,2,1,0,0,0,0
98,3,2,1,0,0,0,0
115,2,2,1,0,0,0,0
136,3,3,0,0,0,0,0
78,2,2,0,0,0,0,0
107,2,2,1,0,0,0,0
119,4,3,1,0,0,0,0
165,2,3,1,0,0,0,0
202,3,5,0,1,0,0,0
215,3,3,1,0,0,0,0
146,2,2,1,0,0,0,0
84,2,2,1,0,0,0,0
90,2,2,1,0,0,0,0
114,2,2,1,0,0,0,0
197,3,3,1,0,0,0,0
160,2,2,1,0,0,0,0
130,4,4,1,0,0,0,0
186,1,4,1,0,0,0,0
149,3,3,1,0,0,0,0
121,2,3,0,1,0,0,0
94,3,1,1,0,0,0,0
90,2,2,1,0,0,0,0
94,2,2,1,0,0,0,0
90,2,2,1,0,0,0,0
94,2,2,1,0,0,0,0
90,2,2,1,0,0,0,0
94,2,2,1,0,0,0,0
90,2,2,1,0,0,0,0
52,1,1,1,0,0,0,0
52,1,1,1,0,0,0,0
94,2,2,1,0,0,0,0
90,2,2,1,0,0,0,0
52,1,1,1,0,0,0,0
87,3,2,1,0,0,0,0
127,2,3,1,0,0,0,0
207,3,4,1,0,0,0,0
212,3,4,1,0,0,0,0
259,4,4,1,0,0,0,0
116,2,3,1,0,0,0,0
125,1,2,1,0,0,0,0
228,4,5,1,0,0,0,0
186,3,4,0,1,0,0,0
119,2,4,1,0,0,0,0
156,2,2,0,0,0,0,0
190,2,4,1,0,0,0,0
202,3,3,1,0,0,0,0
235,2,4,1,0,0,0,0
217,1,2,1,0,0,0,0
98,2,2,1,0,0,0,0
152,3,3,1,0,0,0,0
136,3,3,1,0,0,0,0
185,2,3,1,0,0,0,0
103,2,2,1,0,0,0,0
184,3,4,1,0,0,0,0
102,2,2,1,0,0,0,0
198,2,3,1,0,0,0,0
112,2,2,0,0,0,0,0
190,2,4,1,0,0,0,0
171,2,3,1,0,0,0,0
190,2,4,1,0,0,0,0
126,2,2,1,0,0,0,0
79,1,1,1,0,0,0,0
79,1,1,1,0,0,0,0
204,3,3,1,0,0,0,0
206,3,3,1,0,0,0,0
195,2,3,1,0,0,0,0
167,2,3,1,0,0,0,0
168,3,3,1,0,0,0,0
104,2,2,1,0,0,0,0
105,2,2,1,0,0,0,0
78,2,1,1,0,0,0,0
135,2,2,0,0,0,0,0
165,1,3,1,0,0,0,0
204,3,4,0,0,0,0,0
173,3,3,0,1,0,0,0
145,3,3,1,0,0,0,0
170,2,3,1,0,0,0,0
154,3,3,1,0,0,0,0
224,3,4,0,0,1,0,0
224,3,4,0,0,1,0,0
180,3,5,1,0,0,0,0
202,3,4,0,1,0,0,0
152,4,3,1,0,0,0,0
175,3,4,1,0,0,0,0
116,2,4,1,0,0,0,0
127,2,2,1,0,0,0,0
246,4,5,1,0,0,0,0
176,2,4,1,0,0,0,0
178,2,4,0,1,0,0,0
96,1,2,1,0,0,0,0
235,2,5,0,1,0,0,0
140,2,3,1,0,0,0,0
158,3,3,0,0,0,0,0
194,2,4,0,0,0,0,0
137,2,3,0,0,1,0,0
190,3,4,1,0,0,0,0
144,3,3,1,0,0,0,0
123,3,2,1,0,0,0,0
96,2,2,1,0,0,0,0
94,2,2,1,0,0,0,0
174,3,3,1,0,0,0,0
189,3,3,1,0,0,0,0
75,2,1,1,0,0,0,0
99,2,2,1,0,0,0,0
185,3,6,1,0,0,0,0
84,2,1,1,0,0,0,0
138,2,4,1,0,0,0,0
135,3,3,1,0,0,0,0
111,2,2,1,0,0,0,0
136,3,3,0,0,0,1,0
150,2,5,1,0,0,0,0
203,2,4,1,0,0,0,0
118,2,2,1,0,0,0,0
103,2,2,1,0,0,0,0
63,1,1,1,0,0,0,0
103,2,2,1,0,0,0,0
118,2,2,1,0,0,0,0
240,2,4,0,0,0,1,0
78,2,2,1,0,0,0,0
93,2,3,1,0,0,0,0
162,3,3,1,0,0,0,0
165,2,4,1,0,0,0,0
129,3,3,1,0,0,0,0
190,3,3,0,0,0,0,0
114,2,2,1,0,0,0,0
122,2,3,0,0,0,0,0
202,2,5,1,0,0,0,0
117,3,2,1,0,0,0,0
89,2,2,1,0,0,0,0
127,3,3,0,0,1,0,0
109,2,2,1,0,0,0,0
101,2,3,1,0,0,0,0
100,1,3,1,0,0,0,0
237,4,4,1,0,0,0,0
155,3,4,1,0,0,0,0
153,3,3,1,0,0,0,0
195,5,4,0,0,1,0,0
138,3,3,0,0,0,0,0
134,3,3,0,0,0,0,0
138,3,3,0,0,0,0,0
114,2,2,0,0,0,0,0
134,3,3,0,0,0,0,0
138,3,3,0,0,0,0,0
134,3,3,0,0,0,0,0
138,3,3,0,0,0,0,0
134,3,3,0,0,0,0,0
138,3,3,0,0,0,0,0
134,3,3,0,0,0,0,0
185,3,4,1,0,0,0,0
124,2,3,1,0,0,0,0
158,3,3,1,0,0,0,0
145,2,4,1,0,0,0,0
100,1,2,1,0,0,0,0
133,3,3,1,0,0,0,0
216,3,4,1,0,0,0,0
159,4,3,0,0,1,0,0
105,2,4,1,0,0,0,0
123,2,3,1,0,0,0,0
118,3,3,1,0,0,0,0
81,1,1,1,0,0,0,0
147,2,3,0,0,0,0,0
107,2,2,1,0,0,0,0
216,2,2,1,0,0,0,0
209,3,1,1,0,0,0,0
71,1,1,1,0,0,0,0
148,3,3,1,0,0,0,0
189,2,2,1,0,0,0,0
206,3,3,1,0,0,0,0
206,3,3,1,0,0,0,0
138,1,3,0,0,1,0,0
138,1,3,0,0,1,0,0
97,1,2,0,0,1,0,0
86,1,1,0,0,1,0,0
105,1,2,0,0,1,0,0
105,1,2,0,0,1,0,0
105,1,2,0,0,1,0,0
95,2,2,1,0,0,0,0
135,3,3,0,0,0,0,0
100,2,3,1,0,0,0,0
193,3,4,0,0,0,0,0
103,2,3,1,0,0,0,0
140,2,4,1,0,0,0,0
204,2,4,1,0,0,0,0
177,4,4,1,0,0,0,0
177,3,4,1,0,0,0,0
146,2,4,1,0,0,0,0
183,3,3,1,0,0,0,0
101,2,2,1,0,0,0,0
149,3,3,1,0,0,0,0
160,2,4,0,0,0,0,0
161,3,3,1,0,0,0,0
99,2,2,0,1,0,0,0
112,3,4,1,0,0,0,0
210,3,3,1,0,0,0,0
140,3,5,0,1,0,0,0
200,3,3,1,0,0,0,0
196,3,4,1,0,0,0,0
180,3,3,0,0,0,0,0
119,2,3,0,0,0,0,0
138,2,3,0,0,1,0,0
139,2,3,1,0,0,0,0
115,2,2,1,0,0,0,0
193,3,4,1,0,0,0,0
197,3,4,0,0,0,0,0
210,2,4,1,0,0,0,0
170,3,3,1,0,0,0,0
149,2,3,1,0,0,0,0
138,2,2,1,0,0,0,0
138,2,2,1,0,0,0,0
185,3,3,0,0,1,0,0
165,2,4,0,0,0,0,0
109,2,2,1,0,0,0,0
122,2,3,1,0,0,0,0
103,2,2,1,0,0,0,0
128,2,3,1,0,0,0,0
103,2,2,1,0,0,0,0
110,2,2,1,0,0,0,0
110,2,3,1,0,0,0,0
121,1,2,1,0,0,0,0
67,1,1,1,0,0,0,0
67,1,1,1,0,0,0,0
129,3,3,1,0,0,0,0
220,4,3,0,0,1,0,0
112,2,2,1,0,0,0,0
157,2,4,1,0,0,0,0
145,3,3,0,0,0,0,0
171,3,3,0,0,0,0,0
145,3,3,0,0,0,0,0
151,3,3,0,0,0,0,0
189,3,3,0,0,0,0,0
216,3,5,1,0,0,0,0
104,2,3,0,0,0,0,0
101,3,3,0,0,0,0,0
124,3,3,0,0,0,0,0
124,3,3,0,0,0,0,0
129,2,3,0,0,0,0,0
125,2,3,0,0,0,0,0
120,2,3,0,0,0,0,0
119,2,3,0,0,0,0,0
175,3,7,1,0,0,0,0
154,2,3,0,0,1,0,0
160,2,3,1,0,0,0,0
159,2,3,1,0,0,0,0
147,2,3,1,0,0,0,0
174,3,3,1,0,0,0,0
163,3,3,1,0,0,0,0
130,2,3,1,0,0,0,0
182,4,4,0,0,0,1,0
113,2,3,1,0,0,0,0
145,3,3,1,0,0,0,0
63,1,1,1,0,0,0,0
204,3,3,0,1,0,0,0
216,4,5,1,0,0,0,0
102,3,3,1,0,0,0,0
151,2,4,1,0,0,0,0
196,3,3,1,0,0,0,0
141,2,3,1,0,0,0,0
185,3,4,0,0,1,0,0
159,2,6,1,0,0,0,0
150,2,3,0,1,0,0,0
146,2,3,1,0,0,0,0
137,3,3,0,0,0,0,0
170,4,3,1,0,0,0,0
123,3,2,1,0,0,0,0
174,4,3,1,0,0,0,0
128,3,2,1,0,0,0,0
174,4,3,1,0,0,0,0
129,3,2,1,0,0,0,0
173,4,3,1,0,0,0,0
117,2,2,1,0,0,0,0
73,1,2,1,0,0,0,0
73,1,2,1,0,0,0,0
161,2,3,1,0,0,0,0
185,4,4,0,1,0,0,0
147,3,3,0,1,0,0,0
151,3,3,0,1,0,0,0
151,3,3,0,1,0,0,0
151,3,3,0,1,0,0,0
185,3,4,0,1,0,0,0
151,3,3,0,1,0,0,0
185,3,4,0,1,0,0,0
185,3,4,0,1,0,0,0
185,4,4,0,1,0,0,0
108,3,2,0,1,0,0,0
151,3,3,0,1,0,0,0
185,4,4,0,1,0,0,0
108,3,2,0,1,0,0,0
151,3,3,0,1,0,0,0
108,3,2,0,1,0,0,0
185,4,4,0,1,0,0,0
108,3,2,0,1,0,0,0
151,3,3,0,1,0,0,0
108,3,2,0,1,0,0,0
147,3,3,0,1,0,0,0
108,3,2,0,1,0,0,0
108,3,2,0,1,0,0,0
151,3,3,0,1,0,0,0
166,3,3,0,0,0,0,0
182,4,3,0,0,0,0,0
106,3,2,1,0,0,0,0
107,3,2,1,0,0,0,0
130,4,4,1,0,0,0,0
130,3,6,1,0,0,0,0
106,3,3,0,0,0,0,0
170,3,4,1,0,0,0,0
165,3,4,1,0,0,0,0
243,3,3,0,0,0,0,0
106,2,3,0,0,0,0,0
248,4,4,0,0,0,0,0
231,3,4,0,0,0,0,0
250,3,3,0,0,0,0,0
229,3,4,0,0,0,0,0
155,2,6,1,0,0,0,0
101,1,1,0,0,0,0,0
159,3,3,1,0,0,0,0
144,3,3,1,0,0,0,0
188,2,3,1,0,0,0,0
140,2,4,1,0,0,0,0
112,2,3,1,0,0,0,0
117,2,2,1,0,0,0,0
131,3,2,1,0,0,0,0
131,2,3,1,0,0,0,0
132,2,3,1,0,0,0,0
132,2,3,1,0,0,0,0
189,3,3,1,0,0,0,0
175,3,3,1,0,0,0,0
163,3,3,1,0,0,0,0
153,2,3,1,0,0,0,0
54,1,2,1,0,0,0,0
207,3,3,0,0,1,0,0
176,3,3,1,0,0,0,0
190,3,4,1,0,0,0,0
185,2,5,1,0,0,0,0
80,2,2,1,0,0,0,0
225,8,5,1,0,0,0,0
199,3,3,0,1,0,0,0
110,3,3,0,0,0,0,0
79,1,1,1,0,0,0,0
107,2,2,1,0,0,0,0
74,1,1,1,0,0,0,0
57,1,1,1,0,0,0,0
181,3,3,1,0,0,0,0
186,3,5,1,0,0,0,0
64,1,2,1,0,0,0,0
212,3,3,1,0,0,0,0
141,2,3,1,0,0,0,0
138,3,3,1,0,0,0,0
195,3,5,1,0,0,0,0
62,1,1,1,0,0,0,0
190,3,4,0,1,0,0,0
111,4,2,1,0,0,0,0
100,4,2,1,0,0,0,0
119,4,2,1,0,0,0,0
122,4,2,1,0,0,0,0
122,4,2,1,0,0,0,0
122,4,2,1,0,0,0,0
122,4,2,1,0,0,0,0
90,4,2,1,0,0,0,0
90,4,2,1,0,0,0,0
167,7,3,1,0,0,0,0
167,7,3,1,0,0,0,0
129,2,3,1,0,0,0,0
105,2,2,1,0,0,0,0
93,2,2,1,0,0,0,0
105,2,2,1,0,0,0,0
136,2,2,1,0,0,0,0
108,2,1,1,0,0,0,0
110,2,2,1,0,0,0,0
124,2,2,1,0,0,0,0
154,3,2,1,0,0,0,0
105,2,1,1,0,0,0,0
143,3,2,1,0,0,0,0
154,3,2,1,0,0,0,0
143,3,2,1,0,0,0,0
124,2,2,1,0,0,0,0
154,3,2,1,0,0,0,0
143,3,2,1,0,0,0,0
124,2,2,1,0,0,0,0
154,3,2,1,0,0,0,0
96,2,1,1,0,0,0,0
118,2,1,1,0,0,0,0
208,3,3,1,0,0,0,0
144,3,3,1,0,0,0,0
123,2,4,1,0,0,0,0
93,1,2,1,0,0,0,0
206,3,3,1,0,0,0,0
90,2,2,1,0,0,0,0
93,2,2,1,0,0,0,0
62,1,1,1,0,0,0,0
146,4,3,1,0,0,0,0
193,3,4,0,1,0,0,0
95,2,2,1,0,0,0,0
88,2,2,1,0,0,0,0
140,3,4,1,0,0,0,0
163,3,3,0,0,0,1,0
124,3,3,1,0,0,0,0
167,3,4,0,1,0,0,0
232,6,5,1,0,0,0,0
159,3,4,0,0,1,0,0
202,3,4,1,0,0,0,0
70,1,2,1,0,0,0,0
120,2,4,1,0,0,0,0
154,4,3,1,0,0,0,0
75,1,1,1,0,0,0,0
79,1,1,1,0,0,0,0
112,2,2,1,0,0,0,0
83,2,2,1,0,0,0,0
139,3,2,1,0,0,0,0
153,3,3,1,0,0,0,0
98,1,1,1,0,0,0,0
153,4,3,1,0,0,0,0
170,4,3,1,0,0,0,0
145,2,3,1,0,0,0,0
118,1,2,1,0,0,0,0
84,1,2,1,0,0,0,0
72,1,2,1,0,0,0,0
74,1,2,1,0,0,0,0
73,1,2,1,0,0,0,0
71,1,2,1,0,0,0,0
119,3,3,1,0,0,0,0
127,2,3,1,0,0,0,0
199,3,4,0,0,1,0,0
130,3,3,0,1,0,0,0
173,1,4,1,0,0,0,0
209,3,5,1,0,0,0,0
129,2,3,1,0,0,0,0
141,3,2,1,0,0,0,0
163,2,3,0,0,0,0,0
157,2,3,0,0,0,0,0
172,3,3,1,0,0,0,0
140,2,3,1,0,0,0,0
212,2,3,0,0,1,0,0
186,3,4,0,0,0,0,0
156,4,4,1,0,0,0,0
88,2,2,0,0,0,1,0
135,2,3,1,0,0,0,0
73,3,1,1,0,0,0,0
74,2,2,1,0,0,0,0
201,3,3,1,0,0,0,0
123,2,3,0,0,0,0,0
140,3,3,0,0,0,0,0
90,2,2,1,0,0,0,0
177,2,3,1,0,0,0,0
165,3,3,1,0,0,0,0
165,3,3,1,0,0,0,0
113,2,2,1,0,0,0,0
178,2,5,1,0,0,0,0
148,3,4,1,0,0,0,0
90,2,2,1,0,0,0,0
178,3,4,1,0,0,0,0
123,3,2,1,0,0,0,0
65,2,1,1,0,0,0,0
65,2,1,1,0,0,0,0
123,3,2,1,0,0,0,0
123,3,2,1,0,0,0,0
65,2,1,1,0,0,0,0
138,4,3,1,0,0,0,0
180,3,3,0,0,1,0,0
125,2,4,1,0,0,0,0
160,3,4,0,1,0,0,0
140,3,3,1,0,0,0,0
135,2,3,1,0,0,0,0
96,1,2,1,0,0,0,0
135,1,3,1,0,0,0,0
124,3,3,1,0,0,0,0
227,4,5,1,0,0,0,0
71,1,1,1,0,0,0,0
153,1,1,1,0,0,0,0
162,4,3,1,0,0,0,0
199,3,3,1,0,0,0,0
185,4,4,0,1,0,0,0
120,1,3,1,0,0,0,0
164,3,3,0,1,0,0,0
132,3,3,0,1,0,0,0
161,3,3,0,1,0,0,0
164,3,3,0,1,0,0,0
185,4,4,0,1,0,0,0
161,3,3,0,1,0,0,0
185,4,4,0,1,0,0,0
161,3,3,0,1,0,0,0
185,4,4,0,1,0,0,0
161,3,3,0,1,0,0,0
213,4,4,1,0,0,0,0
83,1,1,1,0,0,0,0
242,3,3,0,0,0,0,0
169,2,3,1,0,0,0,0
158,2,2,1,0,0,0,0
165,4,4,0,1,0,0,0
132,3,3,1,0,0,0,0
129,1,4,1,0,0,0,0
144,3,4,1,0,0,0,0
175,2,4,0,1,0,0,0
139,4,3,1,0,0,0,0
129,2,3,1,0,0,0,0
198,3,4,1,0,0,0,0
138,2,6,1,0,0,0,0
99,3,2,1,0,0,0,0
60,3,1,1,0,0,0,0
64,1,1,1,0,0,0,0
138,3,3,1,0,0,0,0
160,4,3,1,0,0,0,0
88,1,2,1,0,0,0,0
177,4,4,1,0,0,0,0
170,3,5,1,0,0,0,0
122,2,3,1,0,0,0,0
144,3,2,1,0,0,0,0
172,1,4,1,0,0,0,0
130,2,3,1,0,0,0,0
90,3,3,1,0,0,0,0
129,2,3,0,0,0,0,0
185,3,3,0,0,1,0,0
125,3,3,1,0,0,0,0
226,4,4,1,0,0,0,0
80,2,1,1,0,0,0,0
45,2,1,1,0,0,0,0
96,2,3,1,0,0,0,0
152,3,3,1,0,0,0,0
201,3,5,1,0,0,0,0
117,3,2,1,0,0,0,0
109,3,2,1,0,0,0,0
112,3,2,1,0,0,0,0
154,4,4,1,0,0,0,0
123,8,3,1,0,0,0,0
75,1,2,1,0,0,0,0
250,2,3,1,0,0,0,0
80,1,2,1,0,0,0,0
85,2,1,1,0,0,0,0
201,2,3,1,0,0,0,0
129,1,2,1,0,0,0,0
107,2,3,1,0,0,0,0
212,4,4,0,0,0,1,0
136,2,3,1,0,0,0,0
136,2,3,1,0,0,0,0
136,2,3,1,0,0,0,0
157,2,4,1,0,0,0,0
136,2,3,1,0,0,0,0
136,2,3,1,0,0,0,0
136,2,3,1,0,0,0,0
136,2,3,1,0,0,0,0
136,2,3,1,0,0,0,0
157,2,4,1,0,0,0,0
136,2,3,1,0,0,0,0
136,2,3,1,0,0,0,0
101,2,2,1,0,0,0,0
83,2,2,1,0,0,0,0
101,2,2,1,0,0,0,0
101,2,2,1,0,0,0,0
140,3,3,0,0,0,0,0
202,3,4,0,0,0,0,0
167,3,3,0,0,0,0,0
143,3,3,0,0,0,0,0
167,3,3,0,0,0,0,0
143,3,3,0,0,0,0,0
188,4,4,0,0,0,0,0
114,2,2,0,0,0,0,0
108,2,3,1,0,0,0,0
193,3,3,1,0,0,0,0
75,2,2,1,0,0,0,0
136,2,3,1,0,0,0,0
136,2,3,1,0,0,0,0
136,3,3,1,0,0,0,0
75,2,2,1,0,0,0,0
136,3,3,1,0,0,0,0
103,2,2,1,0,0,0,0
100,2,2,1,0,0,0,0
210,2,3,1,0,0,0,0
87,1,2,1,0,0,0,0
87,3,2,1,0,0,0,0
80,1,2,1,0,0,0,0
196,3,3,0,0,0,0,0
167,2,4,1,0,0,0,0
97,1,2,1,0,0,0,0
147,2,3,0,1,0,0,0
119,2,2,1,0,0,0,0
118,3,2,1,0,0,0,0
114,2,2,1,0,0,0,0
85,1,1,1,0,0,0,0
164,3,3,1,0,0,0,0
124,2,2,1,0,0,0,0
119,2,2,1,0,0,0,0
88,1,1,1,0,0,0,0
118,2,2,1,0,0,0,0
114,2,2,1,0,0,0,0
85,1,1,1,0,0,0,0
169,3,3,1,0,0,0,0
124,2,2,1,0,0,0,0
120,2,2,1,0,0,0,0
88,1,1,1,0,0,0,0
118,2,2,1,0,0,0,0
114,2,2,1,0,0,0,0
85,1,1,1,0,0,0,0
163,3,3,1,0,0,0,0
124,2,2,1,0,0,0,0
119,2,2,1,0,0,0,0
88,1,1,1,0,0,0,0
118,2,2,1,0,0,0,0
114,2,2,1,0,0,0,0
85,1,1,1,0,0,0,0
152,2,2,0,0,0,1,0
180,3,4,1,0,0,0,0
173,3,4,1,0,0,0,0
199,2,3,1,0,0,0,0
92,2,3,0,0,0,0,0
97,2,2,1,0,0,0,0
153,2,5,1,0,0,0,0
70,1,1,0,0,0,0,0
72,1,1,1,0,0,0,0
69,1,1,1,0,0,0,0
72,1,1,1,0,0,0,0
158,2,4,1,0,0,0,0
151,3,3,1,0,0,0,0
159,2,2,1,0,0,0,0
152,2,4,1,0,0,0,0
245,3,5,1,0,0,0,0
233,3,4,1,0,0,0,0
80,1,2,1,0,0,0,0
125,3,3,0,0,0,0,0
98,3,2,1,0,0,0,0
240,3,4,0,0,1,0,0
240,3,4,0,0,1,0,0
240,3,4,0,0,1,0,0
167,4,3,1,0,0,0,0
150,4,3,1,0,0,0,0
123,6,3,1,0,0,0,0
123,2,3,1,0,0,0,0
115,1,2,1,0,0,0,0
196,2,4,1,0,0,0,0
69,1,1,1,0,0,0,0
72,1,1,1,0,0,0,0
69,1,1,1,0,0,0,0
72,1,1,1,0,0,0,0
91,1,1,1,0,0,0,0
91,1,1,1,0,0,0,0
69,1,1,1,0,0,0,0
72,1,1,1,0,0,0,0
69,1,1,1,0,0,0,0
72,1,1,1,0,0,0,0
69,1,1,1,0,0,0,0
69,1,1,1,0,0,0,0
72,1,1,1,0,0,0,0
127,2,2,1,0,0,0,0
88,2,2,0,0,0,0,0
227,3,3,1,0,0,0,0
205,4,5,1,0,0,0,0
174,2,2,1,0,0,0,0
85,2,1,1,0,0,0,0
101,1,1,1,0,0,0,0
72,1,1,1,0,0,0,0
140,3,4,1,0,0,0,0
143,3,4,1,0,0,0,0
209,3,4,0,1,0,0,0
94,2,2,1,0,0,0,0
103,2,2,1,0,0,0,0
129,2,3,1,0,0,0,0
125,3,3,1,0,0,0,0
173,3,4,0,1,0,0,0
115,2,2,1,0,0,0,0
129,2,2,1,0,0,0,0
87,2,2,1,0,0,0,0
97,3,2,1,0,0,0,0
71,1,1,1,0,0,0,0
150,2,3,1,0,0,0,0
240,3,2,1,0,0,0,0
60,2,1,1,0,0,0,0
192,5,4,0,1,0,0,0
155,2,3,1,0,0,0,0
254,3,5,1,0,0,0,0
85,1,2,0,0,0,0,0
158,2,3,1,0,0,0,0
254,4,4,1,0,0,0,0
62,1,1,1,0,0,0,0
63,1,1,1,0,0,0,0
53,1,1,1,0,0,0,0
59,1,1,1,0,0,0,0
53,1,1,1,0,0,0,0
121,3,2,1,0,0,0,0
135,2,3,1,0,0,0,0
206,2,4,1,0,0,0,0
76,1,1,1,0,0,0,0
82,2,1,1,0,0,0,0
69,2,1,1,0,0,0,0
64,1,1,1,0,0,0,0
135,2,2,1,0,0,0,0
64,1,1,1,0,0,0,0
89,2,2,1,0,0,0,0
64,1,1,1,0,0,0,0
89,2,2,1,0,0,0,0
64,1,1,1,0,0,0,0
89,2,2,1,0,0,0,0
64,1,1,1,0,0,0,0
89,2,2,1,0,0,0,0
64,1,1,1,0,0,0,0
85,1,1,1,0,0,0,0
123,3,2,1,0,0,0,0
58,1,1,1,0,0,0,0
170,3,3,1,0,0,0,0
193,4,4,1,0,0,0,0
193,4,4,1,0,0,0,0
193,4,4,1,0,0,0,0
149,3,3,1,0,0,0,0
185,3,4,1,0,0,0,0
160,2,4,1,0,0,0,0
141,3,3,1,0,0,0,0
102,1,2,1,0,0,0,0
104,2,2,1,0,0,0,0
69,1,1,1,0,0,0,0
130,3,2,1,0,0,0,0
179,4,4,1,0,0,0,0
128,2,4,1,0,0,0,0
180,3,3,1,0,0,0,0
108,2,2,1,0,0,0,0
183,2,4,1,0,0,0,0
140,3,3,1,0,0,0,0
204,4,5,1,0,0,0,0
133,3,3,1,0,0,0,0
250,4,3,1,0,0,0,0
160,1,4,1,0,0,0,0
240,3,4,1,0,0,0,0
110,2,2,1,0,0,0,0
160,3,3,1,0,0,0,0
150,2,2,1,0,0,0,0
154,3,3,1,0,0,0,0
131,2,3,1,0,0,0,0
119,2,2,1,0,0,0,0
145,3,3,1,0,0,0,0
119,2,2,1,0,0,0,0
143,3,3,1,0,0,0,0
125,2,2,1,0,0,0,0
126,2,2,1,0,0,0,0
195,2,2,1,0,0,0,0
121,2,3,1,0,0,0,0
204,3,4,1,0,0,0,0
68,1,1,1,0,0,0,0
109,1,2,1,0,0,0,0
90,1,1,1,0,0,0,0
109,1,2,1,0,0,0,0
90,1,1,1,0,0,0,0
109,1,2,1,0,0,0,0
90,1,1,1,0,0,0,0
109,1,2,1,0,0,0,0
90,1,1,1,0,0,0,0
97,1,2,1,0,0,0,0
107,2,3,1,0,0,0,0
165,2,3,0,0,1,0,0
130,2,3,0,0,1,0,0
130,2,3,0,0,1,0,0
130,2,3,0,0,1,0,0
130,2,3,0,0,1,0,0
130,2,3,0,0,1,0,0
120,1,3,1,0,0,0,0
172,3,3,1,0,0,0,0
198,3,4,1,0,0,0,0
120,3,3,1,0,0,0,0
150,2,5,1,0,0,0,0
94,2,2,1,0,0,0,0
183,4,3,1,0,0,0,0
195,3,6,1,0,0,0,0
151,2,4,0,0,0,1,0
107,3,2,1,0,0,0,0
72,1,2,1,0,0,0,0
137,3,3,1,0,0,0,0
137,3,3,1,0,0,0,0
137,3,3,1,0,0,0,0
137,3,3,1,0,0,0,0
175,3,3,1,0,0,0,0
129,3,3,1,0,0,0,0
160,2,1,1,0,0,0,0
224,3,2,1,0,0,0,0
225,3,3,1,0,0,0,0
176,2,6,1,0,0,0,0
170,3,3,1,0,0,0,0
77,1,2,1,0,0,0,0
77,1,2,1,0,0,0,0
97,2,2,1,0,0,0,0
102,2,2,1,0,0,0,0
148,1,5,1,0,0,0,0
140,2,4,1,0,0,0,0
77,2,2,1,0,0,0,0
236,4,4,1,0,0,0,0
115,2,2,1,0,0,0,0
70,2,2,1,0,0,0,0
136,4,4,1,0,0,0,0
152,2,4,0,0,0,0,0
242,2,4,0,0,1,0,0
170,3,3,1,0,0,0,0
240,5,4,1,0,0,0,0
67,1,1,1,0,0,0,0
62,1,1,1,0,0,0,0
94,1,1,1,0,0,0,0
93,1,2,1,0,0,0,0
102,1,2,1,0,0,0,0
65,1,1,1,0,0,0,0
92,1,2,1,0,0,0,0
92,1,2,1,0,0,0,0
92,1,2,1,0,0,0,0
92,1,2,1,0,0,0,0
92,1,2,1,0,0,0,0
92,1,2,1,0,0,0,0
85,1,2,1,0,0,0,0
67,1,1,1,0,0,0,0
86,1,2,1,0,0,0,0
90,1,2,1,0,0,0,0
92,1,2,1,0,0,0,0
92,1,2,1,0,0,0,0
92,1,2,1,0,0,0,0
92,1,2,1,0,0,0,0
92,1,2,1,0,0,0,0
67,1,1,1,0,0,0,0
98,1,2,1,0,0,0,0
90,1,2,1,0,0,0,0
65,1,1,1,0,0,0,0
55,1,1,1,0,0,0,0
63,1,1,1,0,0,0,0
63,1,1,1,0,0,0,0
98,1,2,1,0,0,0,0
65,1,1,1,0,0,0,0
63,1,1,1,0,0,0,0
63,1,1,1,0,0,0,0
98,1,2,1,0,0,0,0
90,1,2,1,0,0,0,0
65,1,1,1,0,0,0,0
108,1,2,1,0,0,0,0
135,1,3,1,0,0,0,0
92,1,2,1,0,0,0,0
135,1,3,1,0,0,0,0
80,2,2,1,0,0,0,0
160,2,2,1,0,0,0,0
137,6,5,1,0,0,0,1
214,2,4,1,0,0,0,0
214,2,4,1,0,0,0,0
214,2,4,1,0,0,0,0
140,3,2,1,0,0,0,0
200,3,5,1,0,0,0,0
127,2,2,0,1,0,0,0
144,1,4,1,0,0,0,0
189,3,3,1,0,0,0,0
100,3,3,1,0,0,0,0
78,1,2,1,0,0,0,0
150,3,4,0,1,0,0,0
70,2,1,1,0,0,0,0
160,3,3,0,0,0,0,0
132,2,4,1,0,0,0,0
145,2,5,1,0,0,0,0
110,2,3,1,0,0,0,0
51,2,1,1,0,0,0,0
37,1,1,1,0,0,0,0
188,4,3,1,0,0,0,0
188,4,3,1,0,0,0,0
191,4,3,1,0,0,0,0
68,2,1,1,0,0,0,0
68,2,1,1,0,0,0,0
100,1,2,1,0,0,0,0
87,1,2,1,0,0,0,0
67,1,2,1,0,0,0,0
137,2,2,1,0,0,0,0
143,3,7,1,0,0,0,0
170,3,3,1,0,0,0,0
208,3,4,0,1,0,0,0
152,3,3,1,0,0,0,0
115,2,2,1,0,0,0,0
200,4,3,1,0,0,0,0
63,2,2,1,0,0,0,0
127,2,3,1,0,0,0,0
103,2,2,1,0,0,0,0
87,1,2,1,0,0,0,0
218,4,4,0,1,0,0,0
219,4,4,0,1,0,0,0
186,3,3,0,1,0,0,0
137,3,3,0,1,0,0,0
147,3,3,0,1,0,0,0
143,3,3,0,1,0,0,0
181,3,3,0,1,0,0,0
145,3,3,0,1,0,0,0
145,3,3,0,1,0,0,0
218,4,4,0,1,0,0,0
143,3,3,0,1,0,0,0
145,3,3,0,1,0,0,0
146,3,3,0,1,0,0,0
147,3,3,0,1,0,0,0
219,4,4,0,1,0,0,0
146,3,3,0,1,0,0,0
182,3,3,0,1,0,0,0
181,3,3,0,1,0,0,0
182,3,3,0,1,0,0,0
145,3,3,0,1,0,0,0
146,3,3,0,1,0,0,0
145,3,3,0,1,0,0,0
147,3,3,0,1,0,0,0
147,3,3,0,1,0,0,0
149,3,3,0,1,0,0,0
143,3,3,0,1,0,0,0
147,3,3,0,1,0,0,0
146,3,3,0,1,0,0,0
217,4,4,0,1,0,0,0
218,4,4,0,1,0,0,0
145,3,3,0,1,0,0,0
146,3,3,0,1,0,0,0
182,3,3,0,1,0,0,0
149,4,4,0,1,0,0,0
218,4,4,0,1,0,0,0
150,2,2,1,0,0,0,0
51,1,1,1,0,0,0,0
170,3,3,0,1,0,0,0
157,3,3,0,1,0,0,0
167,3,3,0,1,0,0,0
162,3,3,0,1,0,0,0
167,3,3,0,1,0,0,0
167,3,3,0,1,0,0,0
162,3,3,0,1,0,0,0
144,2,3,0,1,0,0,0
144,2,3,0,1,0,0,0
144,2,3,0,1,0,0,0
162,3,3,0,1,0,0,0
170,3,3,0,1,0,0,0
162,3,3,0,1,0,0,0
167,3,3,0,1,0,0,0
162,3,3,0,1,0,0,0
167,3,3,0,1,0,0,0
162,4,3,0,1,0,0,0
96,2,3,1,0,0,0,0
90,2,2,1,0,0,0,0
95,2,2,1,0,0,0,0
180,2,5,1,0,0,0,0
185,3,4,0,0,1,0,0
250,4,3,1,0,0,0,0
120,2,2,1,0,0,0,0
160,2,2,1,0,0,0,0
247,3,5,1,0,0,0,0
219,3,3,1,0,0,0,0
150,3,3,1,0,0,0,0
96,2,2,1,0,0,0,0
96,2,2,1,0,0,0,0
96,2,2,1,0,0,0,0
65,1,1,1,0,0,0,0
109,1,2,1,0,0,0,0
120,2,1,1,0,0,0,0
79,1,1,1,0,0,0,0
212,2,3,1,0,0,0,0
145,2,2,1,0,0,0,0
144,2,3,1,0,0,0,0
185,3,3,1,0,0,0,0
148,2,3,1,0,0,0,0
88,2,3,1,0,0,0,0
216,4,4,0,1,0,0,0
200,4,4,0,1,0,0,0
196,4,4,0,1,0,0,0
214,4,4,0,1,0,0,0
167,3,3,0,1,0,0,0
196,4,4,0,1,0,0,0
167,3,3,0,1,0,0,0
180,4,4,0,1,0,0,0
186,4,4,0,1,0,0,0
216,4,4,0,1,0,0,0
176,3,3,0,1,0,0,0
180,4,4,0,1,0,0,0
178,5,3,1,0,0,0,0
111,2,2,1,0,0,0,0
132,2,3,1,0,0,0,0
140,2,2,1,0,0,0,0
98,1,1,1,0,0,0,0
213,4,5,1,0,0,0,0
98,2,2,1,0,0,0,0
183,2,4,1,0,0,0,0
65,1,1,1,0,0,0,0
62,1,1,1,0,0,0,0
58,1,1,1,0,0,0,0
54,1,1,1,0,0,0,0
58,1,1,1,0,0,0,0
54,1,1,1,0,0,0,0
59,1,1,1,0,0,0,0
54,1,1,1,0,0,0,0
125,2,2,1,0,0,0,0
118,2,2,1,0,0,0,0
134,1,2,1,0,0,0,0
168,3,3,1,0,0,0,0
102,2,2,1,0,0,0,0
131,4,3,1,0,0,0,0
110,2,4,1,0,0,0,0
122,4,2,1,0,0,0,0
122,4,2,1,0,0,0,0
96,1,2,1,0,0,0,0
189,3,4,1,0,0,0,0
213,4,4,0,1,0,0,0
126,3,2,1,0,0,0,0
134,3,2,1,0,0,0,0
135,2,1,1,0,0,0,0
158,3,2,1,0,0,0,0
213,3,4,1,0,0,0,0
202,2,3,0,1,0,0,0
202,2,3,0,1,0,0,0
122,2,2,1,0,0,0,0
134,3,2,1,0,0,0,0
134,3,2,1,0,0,0,0
109,2,2,1,0,0,0,0
230,1,4,1,0,0,0,0
134,2,2,1,0,0,0,0
239,3,4,1,0,0,0,0
204,3,3,1,0,0,0,0
112,2,2,1,0,0,0,0
124,1,4,1,0,0,0,0
224,3,2,0,0,0,0,0
243,3,2,0,0,0,0,0
251,4,3,0,0,0,0,0
142,2,2,1,0,0,0,0
114,4,3,1,0,0,0,0
169,2,3,1,0,0,0,0
230,3,4,1,0,0,0,0
122,2,2,1,0,0,0,0
110,2,2,1,0,0,0,0
101,2,2,1,0,0,0,0
93,2,2,1,0,0,0,0
81,2,2,1,0,0,0,0
154,3,3,1,0,0,0,0
172,2,3,1,0,0,0,0
119,2,2,0,1,0,0,0
190,2,2,1,0,0,0,0
139,1,3,1,0,0,0,0
150,3,3,0,0,0,0,0
155,2,3,1,0,0,0,0
156,2,3,1,0,0,0,0
181,2,3,1,0,0,0,0
97,2,2,1,0,0,0,0
169,2,3,1,0,0,0,0
201,3,4,0,0,0,1,0
230,3,4,1,0,0,0,0
159,2,2,1,0,0,0,0
205,5,4,0,0,0,0,0
145,2,3,1,0,0,0,0
106,1,2,1,0,0,0,0
106,2,2,1,0,0,0,0
151,3,3,1,0,0,0,0
163,3,3,0,0,0,0,0
68,1,1,1,0,0,0,0
153,2,5,1,0,0,0,0
170,1,5,1,0,0,0,0
216,3,5,1,0,0,0,0
103,2,2,1,0,0,0,0
196,3,3,1,0,0,0,0
82,1,1,1,0,0,0,0
105,2,3,1,0,0,0,0
101,1,2,1,0,0,0,0
100,1,2,1,0,0,0,0
167,2,4,1,0,0,0,0
178,2,2,1,0,0,0,0
211,6,5,1,0,0,0,0
221,3,7,1,0,0,0,0
159,4,4,0,0,0,0,0
180,4,4,1,0,0,0,0
188,3,3,1,0,0,0,0
86,3,2,1,0,0,0,0
150,2,3,1,0,0,0,0
156,2,3,1,0,0,0,0
165,2,3,1,0,0,0,0
233,3,4,1,0,0,0,0
168,2,3,1,0,0,0,0
138,3,3,1,0,0,0,0
233,2,1,1,0,0,0,0
211,3,2,1,0,0,0,0
160,1,1,1,0,0,0,0
